23;162;26;103;33;116;39;64;49;1;51;26;59;50;95;9;105;129;115;118;134;148;144;141;158;86;199;165;204;121;208;142;216;125;220;96;255;102;269;88;272;147;279;11;291;84;312;73;314;47;342;164;352;34;368;151;372;26;373;66;406;156;420;146;458;112
3;59;4;80;23;78;26;105;27;21;33;39;39;84;43;22;49;139;51;7;59;127;71;14;75;152;95;2;105;37;115;30;116;153;117;92;122;89;128;141;132;159;134;120;144;95;149;9;156;37;158;132;174;40;199;25;204;123;208;128;213;123;216;87;220;66;253;15;255;122;269;50;272;62;279;27;291;103;302;44;312;124;314;5;315;34;317;64;342;139;344;134;352;131;355;21;368;2;372;119;373;101;386;59;392;71;401;111;406;27;411;126;420;165;426;18;446;20;448;120;458;92;472;156;491;127;494;53
3;83;4;85;22;62;23;130;26;10;27;168;33;168;34;103;39;72;43;74;46;95;47;150;49;130;51;66;57;155;58;43;59;10;71;105;74;165;75;79;90;69;95;63;104;24;105;132;109;124;111;122;113;13;115;142;116;155;117;49;122;169;128;148;132;111;134;40;140;32;144;19;148;163;149;166;151;25;156;113;158;44;171;136;174;46;175;95;197;28;199;26;202;141;203;85;204;132;208;8;213;26;216;17;220;98;248;140;253;95;255;51;269;142;272;63;274;161;276;45;279;146;290;74;291;43;295;67;302;16;312;88;314;86;315;166;317;90;325;48;328;85;334;5;336;103;342;15;344;60;352;42;353;84;355;111;368;49;372;70;373;26;379;34;384;81;386;70;392;75;401;114;403;46;406;109;408;81;411;126;420;95;426;64;446;58;447;33;448;85;450;84;451;51;454;42;457;60;458;80;472;34;473;64;476;153;485;65;491;81;494;151
1;59;2;83;4;15;13;130;22;119;23;136;25;148;26;155;27;126;33;34;34;2;39;62;43;31;46;148;47;134;49;101;51;7;57;60;58;153;59;104;62;84;71;7;74;51;75;5;83;32;90;168;95;41;100;76;104;76;105;80;109;140;111;128;113;119;115;150;116;161;117;164;122;169;127;19;128;97;131;67;132;27;134;117;139;128;140;10;142;4;144;138;148;133;149;20;151;136;154;134;156;8;158;61;160;23;162;106;167;1;171;15;174;72;175;116;188;51;196;5;197;128;199;137;202;65;203;121;204;62;208;113;211;40;213;17;216;167;220;1;226;65;248;56;253;54;255;120;269;115;270;72;272;153;274;97;275;162;276;31;279;89;281;7;284;141;290;127;291;138;295;158;301;54;302;109;312;148;314;1;315;83;317;51;318;166;324;124;325;22;328;140;331;42;334;155;336;155;342;130;344;105;352;98;353;17;355;126;356;33;368;55;371;15;372;109;373;46;377;75;379;91;383;154;384;38;386;25;392;30;397;52;401;72;402;67;403;137;406;145;408;82;411;87;420;117;426;36;446;132;447;103;448;106;450;108;451;41;454;162;457;38;458;140;472;169;473;27;476;150;477;47;482;9;485;34;491;3;494;125
1;80;2;85;3;15;5;40;13;119;22;132;23;35;25;151;26;103;27;30;33;37;34;26;39;40;41;99;43;135;46;10;47;82;49;76;51;1;55;122;57;13;58;40;59;79;62;157;66;82;70;143;71;114;74;7;75;88;80;13;83;113;90;116;92;97;95;62;98;114;100;19;104;47;105;40;109;53;111;71;113;27;115;53;116;156;117;69;122;151;127;57;128;104;131;161;132;3;134;80;139;133;140;53;142;132;144;35;147;17;148;72;149;138;151;43;153;26;154;130;156;167;158;154;160;37;162;83;167;124;168;153;171;18;174;37;175;133;188;157;194;132;196;100;197;49;199;11;202;89;203;51;204;131;208;151;211;47;213;167;216;16;218;20;220;167;226;126;229;105;248;42;253;99;255;106;256;103;258;25;261;123;268;59;269;104;270;99;272;20;274;133;275;47;276;2;279;104;281;78;284;18;286;31;288;25;290;83;292;108;295;3;301;79;302;12;303;8;307;56;312;5;314;113;315;35;317;105;318;23;324;71;325;86;328;78;331;46;332;167;334;120;336;100;342;13;344;101;348;96;352;67;353;138;355;102;356;4;362;61;368;101;369;80;371;30;372;122;373;148;375;128;376;143;377;97;379;139;380;138;383;87;384;11;386;103;392;65;395;52;397;110;401;121;402;161;403;84;406;167;408;57;411;52;420;29;426;31;446;130;447;30;448;60;450;47;451;166;454;11;457;76;458;56;472;121;473;20;474;166;476;160;477;67;479;27;480;76;481;45;482;9;491;101;493;38;494;131;497;96
4;40;13;99;14;134;21;30;22;73;23;99;25;62;26;33;27;127;33;55;34;131;39;85;41;135;43;87;46;3;47;21;48;18;49;167;50;130;51;35;54;107;55;1;57;96;58;3;59;136;62;128;66;29;70;108;71;162;74;7;75;49;76;134;78;1;80;28;83;151;88;55;89;108;90;123;92;128;95;53;98;131;100;74;101;145;103;40;104;126;105;8;106;153;109;75;111;42;113;102;115;129;116;146;117;150;118;62;122;105;127;103;128;92;131;74;132;88;134;122;139;64;140;34;142;95;144;115;146;90;147;55;148;112;149;19;151;106;153;78;154;10;156;103;158;103;160;135;161;43;162;89;163;17;164;100;167;165;168;40;171;107;172;77;174;132;175;118;177;11;184;126;188;60;189;53;190;76;194;150;196;45;197;29;199;126;202;156;203;84;204;80;205;22;208;117;209;38;211;20;213;69;216;110;218;131;219;44;220;74;225;168;226;7;229;25;232;30;242;14;248;102;251;148;253;81;255;80;256;77;258;67;261;90;265;106;268;123;269;123;270;167;272;163;274;6;275;39;276;56;277;27;278;126;279;146;281;76;284;21;286;147;288;7;290;65;291;74;292;58;295;105;296;166;298;65;301;18;302;26;303;155;307;88;312;90;314;51;315;158;317;5;318;121;324;72;325;115;328;144;330;142;331;4;332;139;334;121;336;53;339;47;342;45;344;68;345;78;348;5;352;24;353;31;355;119;356;143;362;3;366;44;368;137;369;117;371;153;372;155;373;85;375;16;376;148;377;44;379;151;380;77;383;1;384;13;386;59;392;117;395;169;396;44;397;32;401;118;402;158;403;89;405;162;406;163;408;124;409;108;411;141;420;56;425;166;426;87;427;150;431;38;438;163;444;70;446;119;447;134;448;47;450;83;451;79;454;153;455;21;457;29;458;65;470;157;472;154;473;119;474;158;476;54;477;106;479;115;480;86;481;134;482;94;485;85;491;45;493;33;494;125;497;2;498;86
13;122;14;78;19;37;21;17;22;123;25;130;26;59;27;95;33;146;34;138;39;18;41;169;43;54;46;123;47;71;48;111;49;125;50;76;51;8;54;169;55;80;57;114;58;33;59;52;62;111;63;13;65;138;66;125;70;6;71;128;73;60;74;140;75;57;76;61;77;12;78;77;80;97;82;163;83;55;86;104;88;147;89;23;90;62;92;70;95;61;98;131;100;108;101;33;103;166;104;48;105;138;106;143;109;149;111;135;112;89;113;77;114;34;115;164;116;112;117;148;118;91;122;1;125;66;127;148;128;46;131;165;132;141;134;114;139;109;140;89;142;75;144;4;146;127;147;118;148;19;149;138;151;126;152;68;153;109;154;69;156;8;158;32;160;108;161;94;162;63;163;86;164;84;167;66;168;67;169;148;171;85;172;37;174;47;175;63;177;137;180;22;184;95;187;36;188;44;189;36;190;50;194;150;196;3;197;75;199;68;202;111;203;152;204;47;205;118;208;63;209;38;211;163;213;116;216;116;218;3;219;6;220;129;225;3;226;8;227;63;229;12;232;164;241;62;242;79;248;151;250;135;251;141;253;17;254;157;255;93;256;86;258;122;261;15;265;99;268;22;269;3;270;97;272;104;274;147;275;21;276;139;277;111;278;125;279;90;281;111;284;15;286;46;287;28;288;36;290;22;291;161;292;22;295;70;296;63;298;113;301;113;302;30;303;90;307;133;310;119;312;84;313;161;314;33;315;16;316;80;317;2;318;43;319;92;324;49;325;102;328;46;330;144;331;154;332;4;334;5;336;129;339;155;342;110;344;140;345;158;348;156;350;42;352;145;353;77;355;59;356;43;362;55;363;80;366;80;368;24;369;109;371;9;372;56;373;124;375;110;376;66;377;47;378;98;379;69;380;27;381;102;383;73;384;86;386;85;388;49;392;139;394;85;395;16;396;101;397;48;401;151;402;154;403;36;405;27;406;76;408;32;409;132;411;44;420;27;425;82;426;164;427;91;431;78;438;91;444;37;446;88;447;16;448;138;450;12;451;66;453;37;454;75;455;49;457;19;458;67;463;32;468;34;470;109;472;165;473;144;474;37;476;98;477;13;479;53;480;98;481;110;482;78;485;30;491;143;493;123;494;112;497;16;498;126
13;112;14;12;15;151;19;14;21;77;22;32;23;145;25;156;26;55;27;126;33;117;34;61;36;112;39;113;41;37;43;119;46;119;47;92;48;59;49;2;50;76;51;114;54;150;55;6;57;69;58;101;59;19;62;151;63;92;65;107;66;104;70;75;71;45;73;51;74;126;75;161;76;124;77;43;78;107;80;7;82;117;83;132;86;67;88;25;89;99;90;142;92;52;93;123;94;62;95;119;96;147;98;122;100;41;101;111;103;37;104;45;105;118;106;58;109;29;111;154;112;163;113;80;114;32;115;18;116;166;117;153;118;106;119;120;120;99;121;112;122;90;123;12;125;50;127;168;128;138;131;14;132;29;134;96;139;106;142;25;144;169;145;133;146;62;147;139;148;155;149;76;151;112;152;149;153;147;154;114;156;144;158;118;160;78;161;134;162;65;163;82;164;44;167;45;168;122;169;155;170;83;171;105;172;72;174;40;175;38;177;160;180;149;184;101;187;73;188;49;189;100;190;50;194;32;195;11;196;15;197;125;199;24;202;16;203;102;204;51;205;67;206;127;208;20;209;162;211;57;213;26;216;35;218;12;219;65;220;45;225;59;226;140;227;141;228;51;229;119;230;82;232;67;233;77;239;18;241;114;242;95;248;75;250;128;251;137;253;122;254;109;255;70;256;153;258;106;261;156;265;78;268;8;269;95;270;62;272;22;274;93;275;113;276;18;277;13;278;24;279;90;281;40;284;64;285;146;286;151;287;164;288;104;290;169;291;101;292;129;293;168;295;74;296;169;298;147;301;4;302;164;303;4;307;130;310;27;312;102;313;53;314;14;315;5;316;31;317;90;318;154;319;157;320;81;324;110;325;138;328;142;329;33;330;80;331;6;332;167;334;164;336;16;339;72;340;114;342;162;344;106;345;146;348;114;350;132;352;103;353;30;355;69;356;61;358;32;361;14;362;68;363;82;366;55;367;145;368;137;369;166;371;115;372;83;373;165;375;157;376;132;377;71;378;83;379;139;380;50;381;153;382;144;383;65;384;57;385;27;386;76;388;92;389;163;392;62;394;89;395;15;396;72;397;89;401;15;402;29;403;80;405;134;406;16;408;145;409;141;411;59;412;36;415;169;418;71;420;89;425;106;426;85;427;81;431;98;435;167;438;6;444;24;446;163;447;126;448;30;449;162;450;156;451;124;453;113;454;21;455;116;457;28;458;1;463;39;468;71;470;167;471;15;472;162;473;33;474;133;476;128;477;79;479;130;480;125;481;47;482;10;485;36;486;17;491;31;492;89;493;62;494;50;497;21;498;24;499;87
13;163;14;147;15;3;19;108;21;95;22;37;23;122;25;28;26;54;27;68;30;85;33;19;34;127;36;111;39;134;41;105;42;162;43;37;46;131;47;70;48;12;49;80;50;59;51;127;53;75;54;56;55;4;57;95;58;10;59;31;61;42;62;155;63;163;65;50;66;113;70;87;71;44;73;138;74;69;75;29;76;128;77;35;78;42;79;14;80;36;82;29;83;9;84;23;86;68;88;56;89;165;90;35;92;165;93;72;94;19;95;54;96;81;98;16;100;33;101;104;103;40;104;53;105;144;106;87;109;24;110;13;111;133;112;92;113;73;114;115;115;133;116;50;117;38;118;93;119;101;120;29;121;32;122;136;123;147;124;110;125;108;127;108;128;84;130;149;131;160;132;21;134;138;139;10;140;153;142;157;144;140;145;101;146;51;147;96;148;100;149;102;150;157;151;127;152;93;153;93;154;98;156;161;158;15;160;151;161;3;162;165;163;79;164;154;166;31;167;165;168;22;169;74;170;124;171;65;172;162;174;67;175;26;177;90;178;116;180;133;182;163;184;59;186;78;187;136;188;90;189;131;190;29;192;9;194;101;195;103;196;70;197;111;199;160;200;36;202;96;203;169;204;91;205;102;206;15;208;16;209;116;211;146;213;96;216;20;218;43;219;100;220;14;225;112;226;48;227;51;228;71;229;121;230;20;232;168;233;143;236;72;237;36;239;110;241;15;242;139;247;4;248;132;250;154;251;39;253;95;254;111;255;163;256;60;258;86;261;7;265;12;268;126;269;89;270;169;272;76;274;90;275;123;276;119;277;6;278;145;279;58;281;62;283;101;284;91;285;83;286;64;287;153;288;115;290;91;291;53;292;108;293;17;295;84;296;15;298;149;301;23;302;115;303;146;305;54;306;10;307;36;310;151;311;162;312;55;313;34;314;11;315;154;316;96;317;134;318;110;319;77;320;131;322;7;324;165;325;62;328;22;329;16;330;77;331;2;332;128;334;7;336;64;339;143;340;36;342;98;344;164;345;169;348;92;350;45;352;95;353;127;355;48;356;26;358;65;361;114;362;98;363;122;366;127;367;41;369;97;371;84;372;106;373;54;375;96;376;107;378;35;379;161;380;67;381;130;382;165;383;165;384;116;385;96;386;63;388;139;389;104;390;96;391;50;392;112;394;133;395;62;396;90;397;68;401;57;402;93;403;3;405;116;406;1;408;88;409;61;411;121;412;166;415;88;417;107;418;48;419;112;420;78;425;107;426;77;427;160;428;28;430;96;431;44;433;160;435;59;438;134;444;108;446;152;447;98;448;51;449;63;450;118;451;18;453;149;454;168;455;55;457;139;458;121;463;34;468;154;469;62;470;169;471;136;472;23;473;98;474;113;476;78;477;157;479;75;480;119;481;43;482;40;483;48;484;79;485;142;486;58;490;115;491;144;492;128;493;106;494;150;497;83;498;140;499;15
12;7;13;54;14;64;15;144;19;18;21;9;22;4;23;122;25;18;26;14;27;98;30;103;31;46;33;22;34;160;36;169;37;145;38;13;39;127;41;135;42;9;43;117;44;17;46;14;47;62;48;105;49;116;50;44;51;109;53;54;54;17;55;74;57;89;58;155;59;141;61;131;62;16;63;146;65;28;66;121;68;73;69;132;70;17;71;29;73;25;74;111;75;144;76;20;77;139;78;84;79;98;80;31;81;66;82;2;83;136;84;158;86;111;88;33;89;137;90;70;92;119;93;42;94;35;95;58;96;129;97;150;98;150;100;80;101;122;103;90;104;10;105;63;106;136;108;75;109;72;110;129;111;43;113;98;114;31;115;169;116;40;117;103;118;156;119;128;120;56;121;46;122;159;123;156;124;164;125;30;127;135;128;96;130;166;131;50;132;111;134;160;137;129;139;34;140;135;142;160;144;118;145;15;146;128;147;117;148;124;149;151;150;148;151;75;152;9;153;48;154;75;156;51;158;127;160;132;161;153;162;29;163;12;164;6;166;161;167;149;168;74;169;37;170;12;171;135;172;88;174;98;175;20;176;95;177;126;178;25;180;36;182;165;184;65;186;157;187;82;188;15;189;3;190;133;192;42;194;29;195;122;196;131;197;137;199;49;200;20;202;157;203;49;204;40;205;33;206;18;208;6;209;5;211;143;213;69;216;73;217;97;218;117;219;81;220;113;223;137;225;31;226;32;227;5;228;33;229;115;230;156;232;87;233;51;236;5;237;35;239;91;241;105;242;74;247;124;248;150;251;54;253;40;254;168;255;2;256;143;258;49;261;147;265;89;268;107;269;62;270;144;272;15;274;19;275;18;276;154;277;68;278;7;279;68;281;89;283;19;284;141;285;137;286;7;287;168;288;63;290;138;291;108;292;102;293;95;295;23;296;45;298;24;301;99;302;38;303;91;305;130;306;34;307;61;310;12;311;33;312;87;313;43;315;66;316;42;317;87;318;95;319;49;320;122;321;20;322;108;323;44;324;107;325;133;326;71;327;133;328;82;329;114;330;30;331;148;332;137;334;75;335;50;336;147;338;169;339;25;340;119;342;96;343;168;344;118;345;7;347;93;348;73;350;39;352;32;353;78;354;126;355;46;356;131;357;4;358;34;361;92;362;39;363;3;366;28;367;37;368;119;369;76;371;101;372;120;373;155;375;167;376;162;377;101;378;91;379;39;380;158;381;16;382;78;383;148;384;104;385;109;386;62;388;102;389;49;390;23;391;136;392;161;394;101;395;99;396;53;397;133;401;125;402;59;403;131;405;151;406;32;408;154;409;38;411;38;412;47;415;92;417;100;418;37;419;135;420;94;422;140;425;81;426;18;427;164;428;49;430;136;431;12;433;56;435;33;438;162;439;73;440;50;444;139;446;83;447;107;448;151;449;167;450;62;451;46;453;96;454;68;455;120;457;155;458;106;460;34;463;47;467;88;468;6;469;44;470;32;471;46;472;20;473;150;474;16;475;73;476;121;477;142;479;13;480;20;481;132;482;102;483;71;484;66;485;65;486;125;490;141;491;9;492;31;493;78;494;131;495;86;497;132;498;4;499;27
12;84;13;102;14;83;15;134;16;48;19;103;21;9;22;52;23;86;25;28;26;142;27;148;30;5;31;17;32;62;33;98;34;97;36;33;37;9;38;35;39;7;40;160;41;122;42;125;43;39;44;8;46;41;47;165;48;109;49;22;50;63;51;77;52;122;53;109;54;142;55;17;57;104;58;101;59;65;60;32;61;48;62;147;63;36;65;130;66;29;67;138;69;85;70;168;71;147;73;97;74;118;75;20;76;54;77;85;78;124;79;168;80;165;81;138;82;42;83;128;84;40;86;166;88;123;89;128;90;72;92;168;93;56;94;117;95;46;96;115;97;152;98;84;100;40;101;135;103;30;104;113;105;25;106;53;108;152;109;95;110;24;111;91;112;64;113;34;114;25;115;3;116;96;117;35;118;41;119;12;120;119;121;29;122;3;123;67;125;85;127;83;128;24;129;61;130;60;131;169;132;144;134;160;135;81;137;24;139;6;140;115;141;149;142;4;143;159;144;82;145;60;146;127;147;111;148;86;149;81;150;128;151;69;152;17;153;107;154;127;156;142;158;101;160;44;161;45;162;6;163;148;164;9;166;41;167;67;168;1;169;126;170;6;171;167;172;74;174;4;175;33;176;45;177;67;178;31;180;57;182;45;184;43;186;39;187;116;188;124;189;89;190;103;192;92;193;16;194;39;195;51;196;122;197;92;199;60;200;100;202;86;203;78;204;152;205;59;206;169;207;56;208;160;209;20;211;75;213;55;214;8;216;138;217;42;218;27;219;147;220;168;221;55;223;1;225;98;226;88;227;169;228;20;229;93;230;72;232;165;233;28;236;6;237;139;239;90;241;27;242;30;247;113;248;110;250;137;251;149;253;31;254;39;255;160;256;80;258;17;259;151;260;25;261;169;265;133;268;134;269;14;270;51;272;37;274;87;275;63;276;35;277;158;278;51;279;38;281;77;283;104;284;49;285;17;286;149;287;12;288;102;290;66;291;1;292;54;293;28;295;156;296;10;298;34;301;30;302;93;303;105;305;113;306;149;307;85;310;72;311;34;312;45;313;18;314;127;315;165;316;77;317;165;318;90;319;27;320;52;321;96;322;101;323;31;324;69;325;96;326;9;327;83;328;125;329;78;330;47;331;4;332;127;334;159;335;60;336;10;337;79;338;38;339;32;340;134;342;32;343;90;344;89;345;69;346;90;347;144;348;66;349;138;350;35;351;121;352;63;353;38;354;44;355;114;356;98;357;65;358;44;361;104;362;61;363;117;365;55;366;44;367;45;368;111;369;43;371;76;372;129;373;124;375;101;376;70;377;14;378;153;379;94;380;104;381;78;382;59;383;1;384;73;385;30;386;47;387;63;388;57;389;66;390;66;391;82;392;44;393;55;394;139;395;103;396;46;397;67;401;6;402;98;403;113;405;26;406;102;407;96;408;25;409;115;410;120;411;127;412;66;413;80;414;36;415;105;416;63;417;69;418;102;419;6;420;112;421;2;422;104;424;101;425;133;426;131;427;34;428;127;430;123;431;28;433;81;435;2;438;25;439;25;440;42;444;58;447;79;448;120;449;58;450;87;451;43;453;18;454;148;455;162;456;60;457;158;458;88;460;69;462;132;463;2;467;111;468;78;469;156;470;82;471;113;472;113;473;91;474;40;475;106;476;66;477;66;478;112;479;143;480;135;481;17;482;101;483;137;484;104;485;167;486;43;490;71;491;79;492;145;493;40;494;71;495;114;496;5;497;74;498;161;499;13
12;121;13;121;14;37;15;146;16;150;17;34;19;151;20;114;21;132;22;54;23;70;25;92;26;64;27;87;28;121;30;154;31;12;32;152;33;77;34;136;36;107;37;110;38;87;39;122;40;95;41;78;42;61;43;95;44;150;46;32;47;106;48;112;49;158;50;162;51;64;52;160;53;151;54;71;55;70;57;104;58;155;59;125;60;120;61;123;62;112;63;19;65;161;66;91;67;74;68;112;69;168;70;34;71;34;73;131;74;141;75;59;76;118;77;141;78;29;79;35;80;54;81;135;82;45;83;10;84;30;85;153;86;71;87;84;88;9;89;169;90;134;92;148;93;23;94;37;95;98;96;57;97;46;98;119;100;56;101;75;103;155;104;63;105;142;106;138;108;165;109;133;110;120;111;166;112;82;113;105;114;15;115;84;116;9;117;169;118;107;119;77;120;42;121;88;122;117;123;122;124;137;125;69;127;89;128;55;129;40;130;85;131;146;132;42;134;93;135;136;136;145;137;18;138;123;139;71;140;72;141;107;142;138;143;40;144;127;145;142;146;134;147;123;148;23;149;131;150;108;151;109;152;147;153;116;154;26;156;140;158;33;159;54;160;145;161;40;162;87;163;52;164;117;166;4;167;137;168;116;169;152;170;45;171;147;172;45;173;61;174;164;175;93;176;39;177;100;178;67;180;135;182;44;183;113;184;130;186;83;187;30;188;110;189;81;190;17;192;114;193;6;194;127;195;30;196;112;197;50;199;69;200;3;202;125;203;42;204;168;205;89;206;164;207;78;208;11;209;72;210;156;211;91;213;72;214;91;215;110;216;47;217;27;218;136;219;59;220;63;221;74;222;42;223;10;224;127;225;58;226;130;227;36;228;132;229;153;230;35;232;164;233;134;234;132;236;7;237;14;238;103;239;112;240;131;241;70;242;73;246;96;247;34;248;34;250;114;251;68;252;107;253;86;254;156;255;166;256;6;258;140;259;120;260;143;261;7;265;134;267;7;268;12;269;166;270;28;272;40;274;149;275;148;276;53;277;112;278;5;279;38;280;93;281;67;282;107;283;117;284;23;285;62;286;13;287;110;288;76;289;31;290;63;291;143;292;101;293;119;295;42;296;1;298;105;301;22;302;141;303;47;305;59;306;25;307;117;308;56;310;91;311;58;312;135;313;54;314;89;315;122;316;135;317;143;318;81;319;50;320;70;321;143;322;54;323;165;324;115;325;68;326;62;327;24;328;144;329;151;330;108;331;5;332;124;333;144;334;142;335;155;336;101;337;59;338;163;339;20;340;100;341;90;342;119;343;80;344;13;345;93;346;128;347;43;348;38;349;99;350;142;351;31;352;139;353;147;354;107;355;129;356;74;357;88;358;62;359;19;361;169;362;77;363;87;365;86;366;35;367;20;368;16;369;106;370;65;371;90;372;88;373;77;374;53;375;107;376;45;377;105;378;133;379;124;380;87;381;147;382;149;383;12;384;30;385;159;386;121;387;127;388;64;389;167;390;41;391;162;392;89;393;2;394;86;395;94;396;119;397;39;398;16;401;87;402;44;403;129;405;167;406;42;407;57;408;67;409;157;410;94;411;7;412;165;413;19;414;139;415;78;416;133;417;40;418;108;419;144;420;164;421;97;422;34;423;62;424;120;425;85;426;63;427;30;428;52;430;144;431;158;433;8;435;101;436;141;437;3;438;131;439;151;440;82;441;129;443;87;444;38;446;29;447;35;448;87;449;57;450;35;451;40;452;71;453;74;454;20;455;115;456;105;457;64;458;165;459;84;460;8;461;69;462;158;463;58;467;14;468;125;469;86;470;107;471;96;472;127;473;99;474;94;475;146;476;49;477;2;478;124;479;143;480;148;481;167;482;110;483;20;484;122;485;101;486;141;490;152;491;14;492;57;493;14;494;135;495;156;496;46;497;6;498;57;499;101
9;7;10;84;11;121;13;136;14;156;15;117;16;146;17;83;19;97;20;165;21;83;22;44;23;137;25;147;26;53;27;29;28;136;30;16;31;119;32;128;33;44;34;161;36;143;37;8;38;74;39;139;40;71;41;114;42;123;43;17;44;15;46;30;47;15;48;86;49;120;50;104;51;106;52;45;53;101;54;27;55;157;57;82;58;95;59;143;60;66;61;69;62;90;63;114;64;128;65;78;66;168;67;87;68;37;69;153;70;160;71;45;72;103;73;51;74;132;75;160;76;36;78;79;79;121;80;57;81;24;82;147;83;38;84;136;85;53;86;120;87;56;88;35;89;117;90;55;92;125;93;124;94;107;95;91;96;128;97;34;98;86;100;133;101;168;103;50;104;155;105;95;106;77;108;84;109;152;110;96;111;129;112;54;113;147;114;117;115;136;116;69;117;97;118;13;119;141;120;27;121;69;122;76;123;11;124;122;125;72;126;22;127;27;128;7;129;64;130;89;131;155;132;2;133;76;134;86;135;117;136;119;137;144;138;92;139;14;140;70;141;68;142;53;143;116;144;83;145;15;146;15;147;4;148;50;149;77;150;140;151;33;152;127;153;116;154;92;155;101;156;39;157;104;158;11;159;66;160;9;161;147;162;87;163;116;164;19;165;76;166;23;167;4;168;163;169;35;170;90;171;103;172;61;173;78;174;10;175;77;176;9;177;156;178;35;179;48;180;10;181;151;182;18;183;127;184;70;186;165;187;46;188;52;189;149;190;6;191;56;192;6;193;126;194;12;195;98;196;102;197;138;199;161;200;48;201;118;202;112;203;129;204;98;205;60;206;131;207;131;208;51;209;145;210;113;211;14;212;17;213;147;214;83;215;58;216;115;217;81;218;108;219;141;220;89;221;154;222;82;223;96;224;90;225;151;226;161;227;87;228;117;229;61;230;164;231;62;232;91;233;71;234;54;236;21;237;76;238;21;239;68;240;96;241;123;242;168;243;113;244;162;245;61;246;40;247;62;248;163;249;39;250;142;251;94;252;165;253;88;254;62;255;79;256;44;257;70;258;143;259;33;260;103;261;10;265;92;266;11;267;166;268;101;269;63;270;158;272;72;274;63;275;84;276;149;277;87;278;160;279;99;280;64;281;109;282;169;283;74;284;95;285;2;286;16;287;156;288;29;289;42;290;169;291;103;292;156;293;53;294;17;295;139;296;135;298;44;299;82;301;65;302;77;303;129;305;160;306;152;307;61;308;62;310;51;311;27;312;60;313;17;314;85;315;66;316;144;317;63;318;128;319;146;320;95;321;159;322;32;323;33;324;106;325;152;326;113;327;98;328;138;329;68;330;103;331;125;332;2;333;116;334;27;335;39;336;46;337;5;338;134;339;28;340;81;341;57;342;20;343;45;344;42;345;11;346;167;347;22;348;60;349;75;350;32;351;77;352;147;353;104;354;156;355;5;356;83;357;97;358;147;359;104;361;98;362;13;363;117;365;54;366;97;367;152;368;12;369;128;370;9;371;96;372;148;373;21;374;76;375;156;376;127;377;52;378;60;379;116;380;74;381;79;382;40;383;73;384;83;385;81;386;140;387;142;388;74;389;72;390;142;391;25;392;45;393;21;394;67;395;32;396;124;397;120;398;72;400;75;401;27;402;169;403;113;404;39;405;85;406;26;407;112;408;22;410;140;411;65;412;40;413;148;414;22;415;112;416;108;417;45;418;37;419;99;420;86;421;130;422;73;423;36;424;57;425;119;426;117;427;15;428;30;430;35;431;126;433;126;434;55;435;144;436;159;437;159;438;104;439;104;440;100;441;145;442;28;443;114;444;120;446;164;447;20;448;89;449;119;450;117;451;47;452;94;453;125;454;100;455;31;456;141;457;162;458;35;459;52;460;89;461;115;462;116;463;6;465;146;467;169;468;19;469;124;470;59;471;134;472;142;473;39;474;93;475;30;476;4;477;150;478;120;479;154;480;140;481;164;482;117;483;169;484;59;485;63;486;157;487;110;488;13;489;91;490;144;491;13;492;139;493;112;494;80;495;125;496;138;497;135;498;55;499;45
3;130;4;119;5;99;6;122;7;112;8;163;9;54;10;102;11;121;12;136
5;134;6;78;7;12;8;147;9;64;10;83;11;37;12;156
7;151;8;3;9;144;10;134;11;146;12;117
10;48;11;150;12;146
11;34;12;83

6;37;7;14;8;108;9;18;10;103;11;151;12;97
11;114;12;165
5;30;6;17;7;77;8;95;9;9;10;9;11;132;12;83
2;62;3;119;4;132;5;73;6;123;7;32;8;37;9;4;10;52;11;54;12;44
0;162;1;78;2;130;3;136;4;35;5;99;7;145;8;122;9;122;10;86;11;70;12;137

3;148;4;151;5;62;6;130;7;156;8;28;9;18;10;28;11;92;12;147
0;103;1;105;2;10;3;155;4;103;5;33;6;59;7;55;8;54;9;14;10;142;11;64;12;53
1;21;2;168;3;126;4;30;5;127;6;95;7;126;8;68;9;98;10;148;11;87;12;29
11;121;12;136

8;85;9;103;10;5;11;154;12;16
9;46;10;17;11;12;12;119
10;62;11;152;12;128
0;116;1;39;2;168;3;34;4;37;5;55;6;146;7;117;8;19;9;22;10;98;11;77;12;44
2;103;3;2;4;26;5;131;6;138;7;61;8;127;9;160;10;97;11;136;12;161

7;112;8;111;9;169;10;33;11;107;12;143
9;145;10;9;11;110;12;8
9;13;10;35;11;87;12;74
0;64;1;84;2;72;3;62;4;40;5;85;6;18;7;113;8;134;9;127;10;7;11;122;12;139
10;160;11;95;12;71
4;99;5;135;6;169;7;37;8;105;9;135;10;122;11;78;12;114
8;162;9;9;10;125;11;61;12;123
1;22;2;74;3;31;4;135;5;87;6;54;7;119;8;37;9;117;10;39;11;95;12;17
9;17;10;8;11;150;12;15

2;95;3;148;4;10;5;3;6;123;7;119;8;131;9;14;10;41;11;32;12;30
2;150;3;134;4;82;5;21;6;71;7;92;8;70;9;62;10;165;11;106;12;15
5;18;6;111;7;59;8;12;9;105;10;109;11;112;12;86
0;1;1;139;2;130;3;101;4;76;5;167;6;125;7;2;8;80;9;116;10;22;11;158;12;120
5;130;6;76;7;76;8;59;9;44;10;63;11;162;12;104
0;26;1;7;2;66;3;7;4;1;5;35;6;8;7;114;8;127;9;109;10;77;11;64;12;106
10;122;11;160;12;45
8;75;9;54;10;109;11;151;12;101
5;107;6;169;7;150;8;56;9;17;10;142;11;71;12;27
4;122;5;1;6;80;7;6;8;4;9;74;10;17;11;70;12;157

2;155;3;60;4;13;5;96;6;114;7;69;8;95;9;89;10;104;11;104;12;82
2;43;3;153;4;40;5;3;6;33;7;101;8;10;9;155;10;101;11;155;12;95
0;50;1;127;2;10;3;104;4;79;5;136;6;52;7;19;8;31;9;141;10;65;11;125;12;143
10;32;11;120;12;66
8;42;9;131;10;48;11;123;12;69
3;84;4;157;5;128;6;111;7;151;8;155;9;16;10;147;11;112;12;90
6;13;7;92;8;163;9;146;10;36;11;19;12;114
12;128
6;138;7;107;8;50;9;28;10;130;11;161;12;78
4;82;5;29;6;125;7;104;8;113;9;121;10;29;11;91;12;168
10;138;11;74;12;87
9;73;11;112;12;37
9;132;10;85;11;168;12;153
4;143;5;108;6;6;7;75;8;87;9;17;10;168;11;34;12;160
1;14;2;105;3;7;4;114;5;162;6;128;7;45;8;44;9;29;10;147;11;34;12;45
12;103
6;60;7;51;8;138;9;25;10;97;11;131;12;51
2;165;3;51;4;7;5;7;6;140;7;126;8;69;9;111;10;118;11;141;12;132
1;152;2;79;3;5;4;88;5;49;6;57;7;161;8;29;9;144;10;20;11;59;12;160
5;134;6;61;7;124;8;128;9;20;10;54;11;118;12;36
6;12;7;43;8;35;9;139;10;85;11;141
5;1;6;77;7;107;8;42;9;84;10;124;11;29;12;79
8;14;9;98;10;168;11;35;12;121
4;13;5;28;6;97;7;7;8;36;9;31;10;165;11;54;12;57
9;66;10;138;11;135;12;24
6;163;7;117;8;29;9;2;10;42;11;45;12;147
3;32;4;113;5;151;6;55;7;132;8;9;9;136;10;128;11;10;12;38
8;23;9;158;10;40;11;30;12;136
11;153;12;53
6;104;7;67;8;68;9;111;10;166;11;71;12;120
11;84;12;56
5;55;6;147;7;25;8;56;9;33;10;123;11;9;12;35
5;108;6;23;7;99;8;165;9;137;10;128;11;169;12;117
2;69;3;168;4;116;5;123;6;62;7;142;8;35;9;70;10;72;11;134;12;55

4;97;5;128;6;70;7;52;8;165;9;119;10;168;11;148;12;125
7;123;8;72;9;42;10;56;11;23;12;124
7;62;8;19;9;35;10;117;11;37;12;107
0;9;1;2;2;63;3;41;4;62;5;53;6;61;7;119;8;54;9;58;10;46;11;98;12;91
7;147;8;81;9;129;10;115;11;57;12;128
9;150;10;152;11;46;12;34
4;114;5;131;6;131;7;122;8;16;9;150;10;84;11;119;12;86

3;76;4;19;5;74;6;108;7;41;8;33;9;80;10;40;11;56;12;133
5;145;6;33;7;111;8;104;9;122;10;135;11;75;12;168

5;40;6;166;7;37;8;40;9;90;10;30;11;155;12;50
2;24;3;76;4;47;5;126;6;48;7;45;8;53;9;10;10;113;11;63;12;155
0;129;1;37;2;132;3;80;4;40;5;8;6;138;7;118;8;144;9;63;10;25;11;142;12;95
5;153;6;143;7;58;8;87;9;136;10;53;11;138;12;77

9;75;10;152;11;165;12;84
2;124;3;140;4;53;5;75;6;149;7;29;8;24;9;72;10;95;11;133;12;152
8;13;9;129;10;24;11;120;12;96
2;122;3;128;4;71;5;42;6;135;7;154;8;133;9;43;10;91;11;166;12;129
6;89;7;163;8;92;10;64;11;82;12;54
2;13;3;119;4;27;5;102;6;77;7;80;8;73;9;98;10;34;11;105;12;147
6;34;7;32;8;115;9;31;10;25;11;15;12;117
0;118;1;30;2;142;3;150;4;53;5;129;6;164;7;18;8;133;9;169;10;3;11;84;12;136
1;153;2;155;3;161;4;156;5;146;6;112;7;166;8;50;9;40;10;96;11;9;12;69
1;92;2;49;3;164;4;69;5;150;6;148;7;153;8;38;9;103;10;35;11;169;12;97
5;62;6;91;7;106;8;93;9;156;10;41;11;107;12;13
7;120;8;101;9;128;10;12;11;77;12;141
7;99;8;29;9;56;10;119;11;42;12;27
7;112;8;32;9;46;10;29;11;88;12;69
1;89;2;169;3;169;4;151;5;105;6;1;7;90;8;136;9;159;10;3;11;117;12;76
7;12;8;147;9;156;10;67;11;122;12;11
8;110;9;164;11;137;12;122
6;66;7;50;8;108;9;30;10;85;11;69;12;72
12;22
3;19;4;57;5;103;6;148;7;168;8;108;9;135;10;83;11;89;12;27
1;141;2;148;3;97;4;104;5;92;6;46;7;138;8;84;9;96;10;24;11;55;12;7
10;61;11;40;12;64
8;149;9;166;10;60;11;85;12;89
3;67;4;161;5;74;6;165;7;14;8;160;9;50;10;169;11;146;12;155
1;159;2;111;3;27;4;3;5;88;6;141;7;29;8;21;9;111;10;144;11;42;12;2
12;76
0;148;1;120;2;40;3;117;4;80;5;122;6;114;7;96;8;138;9;160;10;160;11;93;12;86
10;81;11;136;12;117
11;145;12;119
9;129;10;24;11;18;12;144
11;123;12;92
3;128;4;133;5;64;6;109;7;106;8;10;9;34;10;6;11;71;12;14
2;32;3;10;4;53;5;34;6;89;8;153;9;135;10;115;11;72;12;70
10;149;11;107;12;68
3;4;4;132;5;95;6;75;7;25;8;157;9;160;10;4;11;138;12;53
10;159;11;40;12;116
0;141;1;95;2;19;3;138;4;35;5;115;6;4;7;169;8;140;9;118;10;82;11;127;12;83
7;133;8;101;9;15;10;60;11;142;12;15
5;90;6;127;7;62;8;51;9;128;10;127;11;134;12;15
4;17;5;55;6;118;7;139;8;96;9;117;10;111;11;123;12;4
2;163;3;133;4;72;5;112;6;19;7;155;8;100;9;124;10;86;11;23;12;50
1;9;2;166;3;20;4;138;5;19;6;138;7;76;8;102;9;151;10;81;11;131;12;77
8;157;9;148;10;128;11;108;12;140
2;25;3;136;4;43;5;106;6;126;7;112;8;127;9;75;10;69;11;109;12;33
6;68;7;149;8;93;9;9;10;17;11;147;12;127
4;26;5;78;6;109;7;147;8;93;9;48;10;107;11;116;12;116
3;134;4;130;5;10;6;69;7;114;8;98;9;75;10;127;11;26;12;92
12;101
1;37;2;113;3;8;4;167;5;103;6;8;7;144;8;161;9;51;10;142;11;140;12;39
12;104
0;86;1;132;2;44;3;61;4;154;5;103;6;32;7;118;8;15;9;127;10;101;11;33;12;11
11;54;12;66
3;23;4;37;5;135;6;108;7;78;8;151;9;132;10;44;11;145;12;9
5;43;6;94;7;134;8;3;9;153;10;45;11;40;12;147
3;106;4;83;5;89;6;63;7;65;8;165;9;29;10;6;11;87;12;87
5;17;6;86;7;82;8;79;9;12;10;148;11;52;12;116
5;100;6;84;7;44;8;154;9;6;10;9;11;117;12;19
12;76
8;31;9;161;10;41;11;4;12;23
3;1;4;124;5;165;6;66;7;45;8;165;9;149;10;67;11;137;12;4
4;153;5;40;6;67;7;122;8;22;9;74;10;1;11;116;12;163
6;148;7;155;8;74;9;37;10;126;11;152;12;35
7;83;8;124;9;12;10;6;11;45;12;90
2;136;3;15;4;18;5;107;6;85;7;105;8;65;9;135;10;167;11;147;12;103
5;77;6;37;7;72;8;162;9;88;10;74;11;45;12;61
11;61;12;78
1;40;2;46;3;72;4;37;5;132;6;47;7;40;8;67;9;98;10;4;11;164;12;10
2;95;3;116;4;133;5;118;6;63;7;38;8;26;9;20;10;33;11;93;12;77
9;95;10;45;11;39;12;9
5;11;6;137;7;160;8;90;9;126;10;67;11;100;12;156
8;116;9;25;10;31;11;67;12;35
12;48
6;22;7;149;8;133;9;36;10;57;11;135;12;10
12;151
8;163;9;165;10;45;11;44;12;18
11;113;12;127
5;126;6;95;7;101;8;59;9;65;10;43;11;130;12;70

8;78;9;157;10;39;11;83;12;165
6;36;7;73;8;136;9;82;10;116;11;30;12;46
3;51;4;157;5;60;6;44;7;49;8;90;9;15;10;124;11;110;12;52
5;53;6;36;7;100;8;131;9;3;10;89;11;81;12;149
5;76;6;50;7;50;8;29;9;133;10;103;11;17;12;6
12;56
8;9;9;42;10;92;11;114;12;6
10;16;11;6;12;126
4;132;5;150;6;150;7;32;8;101;9;29;10;39;11;127;12;12
7;11;8;103;9;122;10;51;11;30;12;98
3;5;4;100;5;45;6;3;7;15;8;70;9;131;10;122;11;112;12;102
2;28;3;128;4;49;5;29;6;75;7;125;8;111;9;137;10;92;11;50;12;138

0;165;1;25;2;26;3;137;4;11;5;126;6;68;7;24;8;160;9;49;10;60;11;69;12;161
8;36;9;20;10;100;11;3;12;48
12;118
2;141;3;65;4;89;5;156;6;111;7;16;8;96;9;157;10;86;11;125;12;112
2;85;3;121;4;51;5;84;6;152;7;102;8;169;9;49;10;78;11;42;12;129
0;121;1;123;2;132;3;62;4;131;5;80;6;47;7;51;8;91;9;40;10;152;11;168;12;98
5;22;6;118;7;67;8;102;9;33;10;59;11;89;12;60
7;127;8;15;9;18;10;169;11;164;12;131
10;56;11;78;12;131
0;142;1;128;2;8;3;113;4;151;5;117;6;63;7;20;8;16;9;6;10;160;11;11;12;51
5;38;6;38;7;162;8;116;9;5;10;20;11;72;12;145
11;156;12;113
3;40;4;47;5;20;6;163;7;57;8;146;9;143;10;75;11;91;12;14
12;17
1;123;2;26;3;17;4;167;5;69;6;116;7;26;8;96;9;69;10;55;11;72;12;147
10;8;11;91;12;83
11;110;12;58
0;125;1;87;2;17;3;167;4;16;5;110;6;116;7;35;8;20;9;73;10;138;11;47;12;115
9;97;10;42;11;27;12;81
4;20;5;131;6;3;7;12;8;43;9;117;10;27;11;136;12;108
5;44;6;6;7;65;8;100;9;81;10;147;11;59;12;141
0;96;1;66;2;98;3;1;4;167;5;74;6;129;7;45;8;14;9;113;10;168;11;63;12;89
10;55;11;74;12;154
11;42;12;82
9;137;10;1;11;10;12;96
11;127;12;90
5;168;6;3;7;59;8;112;9;31;10;98;11;58;12;151
3;65;4;126;5;7;6;8;7;140;8;48;9;32;10;88;11;130;12;161
6;63;7;141;8;51;9;5;10;169;11;36;12;87
7;51;8;71;9;33;10;20;11;132;12;117
4;105;5;25;6;12;7;119;8;121;9;115;10;93;11;153;12;61
7;82;8;20;9;156;10;72;11;35;12;164
12;62
5;30;6;164;7;67;8;168;9;87;10;165;11;164;12;91
7;77;8;143;9;51;10;28;11;134;12;71
11;132;12;54

8;72;9;5;10;6;11;7;12;21
8;36;9;35;10;139;11;14;12;76
11;103;12;21
7;18;8;110;9;91;10;90;11;112;12;68
11;131;12;96
6;62;7;114;8;15;9;105;10;27;11;70;12;123
5;14;6;79;7;95;8;139;9;74;10;30;11;73;12;168
12;113
12;162
12;61
11;96;12;40
8;4;9;124;10;113;11;34;12;62
2;140;3;56;4;42;5;102;6;151;7;75;8;132;9;150;10;110;11;34;12;163
12;39
6;135;7;128;8;154;10;137;11;114;12;142
5;148;6;141;7;137;8;39;9;54;10;149;11;68;12;94
11;107;12;165
1;15;2;95;3;54;4;99;5;81;6;17;7;122;8;95;9;40;10;31;11;86;12;88
6;157;7;109;8;111;9;168;10;39;11;156;12;62
0;102;1;122;2;51;3;120;4;106;5;80;6;93;7;70;8;163;9;2;10;160;11;166;12;79
4;103;5;77;6;86;7;153;8;60;9;143;10;80;11;6;12;44
12;70
4;25;5;67;6;122;7;106;8;86;9;49;10;17;11;140;12;143
10;151;11;120;12;33
10;25;11;143;12;103
4;123;5;90;6;15;7;156;8;7;9;147;10;169;11;7;12;10



5;106;6;99;7;78;8;12;9;89;10;133;11;134;12;92
12;11
11;7;12;166
4;59;5;123;6;22;7;8;8;126;9;107;10;134;11;12;12;101
0;88;1;50;2;142;3;115;4;104;5;123;6;3;7;95;8;89;9;62;10;14;11;166;12;63
3;72;4;99;5;167;6;97;7;62;8;169;9;144;10;51;11;28;12;158

0;147;1;62;2;63;3;153;4;20;5;163;6;104;7;22;8;76;9;15;10;37;11;40;12;72

2;161;3;97;4;133;5;6;6;147;7;93;8;90;9;19;10;87;11;149;12;63
3;162;4;47;5;39;6;21;7;113;8;123;9;18;10;63;11;148;12;84
2;45;3;31;4;2;5;56;6;139;7;18;8;119;9;154;10;35;11;53;12;149
5;27;6;111;7;13;8;6;9;68;10;158;11;112;12;87
5;126;6;125;7;24;8;145;9;7;10;51;11;5;12;160
0;11;1;27;2;146;3;89;4;104;5;146;6;90;7;90;8;58;9;68;10;38;11;38;12;99
11;93;12;64
3;7;4;78;5;76;6;111;7;40;8;62;9;89;10;77;11;67;12;109
11;107;12;169
8;101;9;19;10;104;11;117;12;74
3;141;4;18;5;21;6;15;7;64;8;91;9;141;10;49;11;23;12;95
7;146;8;83;9;137;10;17;11;62;12;2
4;31;5;147;6;46;7;151;8;64;9;7;10;149;11;13;12;16
6;28;7;164;8;153;9;168;10;12;11;110;12;156
4;25;5;7;6;36;7;104;8;115;9;63;10;102;11;76;12;29
11;31;12;42
2;74;3;127;4;83;5;65;6;22;7;169;8;91;9;138;10;66;11;63;12;169
0;84;1;103;2;43;3;138;5;74;6;161;7;101;8;53;9;108;10;1;11;143;12;103
4;108;5;58;6;22;7;129;8;108;9;102;10;54;11;101;12;156
7;168;8;17;9;95;10;28;11;119;12;53
12;17
2;67;3;158;4;3;5;105;6;70;7;74;8;84;9;23;10;156;11;42;12;139
5;166;6;63;7;169;8;15;9;45;10;10;11;1;12;135

5;65;6;113;7;147;8;149;9;24;10;34;11;105;12;44
12;82

3;54;4;79;5;18;6;113;7;4;8;23;9;99;10;30;11;22;12;65
1;44;2;16;3;109;4;12;5;26;6;30;7;164;8;115;9;38;10;93;11;141;12;77
4;8;5;155;6;90;7;4;8;146;9;91;10;105;11;47;12;129

8;54;9;130;10;113;11;59;12;160
8;10;9;34;10;149;11;25;12;152
4;56;5;88;6;133;7;130;8;36;9;61;10;85;11;117;12;61
11;56;12;62

6;119;7;27;8;151;9;12;10;72;11;91;12;51
8;162;9;33;10;34;11;58;12;27
0;73;1;124;2;88;3;148;4;5;5;90;6;84;7;102;8;55;9;87;10;45;11;135;12;60
6;161;7;53;8;34;9;43;10;18;11;54;12;17
0;47;1;5;2;86;3;1;4;113;5;51;6;33;7;14;8;11;10;127;11;89;12;85
1;34;2;166;3;83;4;35;5;158;6;16;7;5;8;154;9;66;10;165;11;122;12;66
6;80;7;31;8;96;9;42;10;77;11;135;12;144
1;64;2;90;3;51;4;105;5;5;6;2;7;90;8;134;9;87;10;165;11;143;12;63
3;166;4;23;5;121;6;43;7;154;8;110;9;95;10;90;11;81;12;128
6;92;7;157;8;77;9;49;10;27;11;50;12;146
7;81;8;131;9;122;10;52;11;70;12;95
9;20;10;96;11;143;12;159
8;7;9;108;10;101;11;54;12;32
9;44;10;31;11;165;12;33
3;124;4;71;5;72;6;49;7;110;8;165;9;107;10;69;11;115;12;106
2;48;3;22;4;86;5;115;6;102;7;138;8;62;9;133;10;96;11;68;12;152
9;71;10;9;11;62;12;113
9;133;10;83;11;24;12;98
2;85;3;140;4;78;5;144;6;46;7;142;8;22;9;82;10;125;11;144;12;138
7;33;8;16;9;114;10;78;11;151;12;68
5;142;6;144;7;80;8;77;9;30;10;47;11;108;12;103
3;42;4;46;5;4;6;154;7;6;8;2;9;148;10;4;11;5;12;125
4;167;5;139;6;4;7;167;8;128;9;137;10;127;11;124;12;2
11;144;12;116
2;5;3;155;4;120;5;121;6;5;7;164;8;7;9;75;10;159;11;142;12;27
9;50;10;60;11;155;12;39
2;103;3;155;4;100;5;53;6;129;7;16;8;64;9;147;10;10;11;101;12;46
10;79;11;59;12;5
9;169;10;38;11;163;12;134
5;47;6;155;7;72;8;143;9;25;10;32;11;20;12;28
7;114;8;36;9;119;10;134;11;100;12;81
11;90;12;57
0;164;1;139;2;15;3;130;4;13;5;45;6;110;7;162;8;98;9;96;10;32;11;119;12;20
9;168;10;90;11;80;12;45
1;134;2;60;3;105;4;101;5;68;6;140;7;106;8;164;9;118;10;89;11;13;12;42
5;78;6;158;7;146;8;169;9;7;10;69;11;93;12;11
10;90;11;128;12;167
9;93;10;144;11;43;12;22
4;96;5;5;6;156;7;114;8;92;9;73;10;66;11;38;12;60
10;138;11;99;12;75
6;42;7;132;8;45;9;39;10;35;11;142;12;32
10;121;11;31;12;77
0;34;1;131;2;42;3;98;4;67;5;24;6;145;7;103;8;95;9;32;10;63;11;139;12;147
2;84;3;17;4;138;5;31;6;77;7;30;8;127;9;78;10;38;11;147;12;104
9;126;10;44;11;107;12;156
1;21;2;111;3;126;4;102;5;119;6;59;7;69;8;48;9;46;10;114;11;129;12;5
3;33;4;4;5;143;6;43;7;61;8;26;9;131;10;98;11;74;12;83
9;4;10;65;11;88;12;97
7;32;8;65;9;34;10;44;11;62;12;147
11;19;12;104

7;14;8;114;9;92;10;104;11;169;12;98
4;61;5;3;6;55;7;68;8;98;9;39;10;61;11;77;12;13
6;80;7;82;8;122;9;3;10;117;11;87;12;117

10;55;11;86;12;54
5;44;6;80;7;55;8;127;9;28;10;44;11;35;12;97
7;145;8;41;9;37;10;45;11;20;12;152
0;151;1;2;2;49;3;55;4;101;5;137;6;24;7;137;9;119;10;111;11;16;12;12
4;80;5;117;6;109;7;166;8;97;9;76;10;43;11;106;12;128
11;65;12;9
3;15;4;30;5;153;6;9;7;115;8;84;9;101;10;76;11;90;12;96
0;26;1;119;2;70;3;109;4;122;5;155;6;56;7;83;8;106;9;120;10;129;11;88;12;148
0;66;1;101;2;26;3;46;4;148;5;85;6;124;7;165;8;54;9;155;10;124;11;77;12;21
11;53;12;76
4;128;5;16;6;110;7;157;8;96;9;167;10;101;11;107;12;156
4;143;5;148;6;66;7;132;8;107;9;162;10;70;11;45;12;127
3;75;4;97;5;44;6;47;7;71;9;101;10;14;11;105;12;52
6;98;7;83;8;35;9;91;10;153;11;133;12;60
2;34;3;91;4;139;5;151;6;69;7;139;8;161;9;39;10;94;11;124;12;116
4;138;5;77;6;27;7;50;8;67;9;158;10;104;11;87;12;74
6;102;7;153;8;130;9;16;10;78;11;147;12;79
7;144;8;165;9;78;10;59;11;149;12;40
3;154;4;87;5;1;6;73;7;65;8;165;9;148;10;1;11;12;12;73
2;81;3;38;4;11;5;13;6;86;7;57;8;116;9;104;10;73;11;30;12;83
7;27;8;96;9;109;10;30;11;159;12;81
1;59;2;70;3;25;4;103;5;59;6;85;7;76;8;63;9;62;10;47;11;121;12;140
10;63;11;127;12;142
6;49;7;92;8;139;9;102;10;57;11;64;12;74
7;163;8;104;9;49;10;66;11;167;12;72
8;96;9;23;10;66;11;41;12;142
8;50;9;136;10;82;11;162;12;25
1;71;2;75;3;30;4;65;5;117;6;139;7;62;8;112;9;161;10;44;11;89;12;45
10;55;11;2;12;21
6;85;7;89;8;133;9;101;10;139;11;86;12;67
4;52;5;169;6;16;7;15;8;62;9;99;10;103;11;94;12;32
5;44;6;101;7;72;8;90;9;53;10;46;11;119;12;124
3;52;4;110;5;32;6;48;7;89;8;68;9;133;10;67;11;39;12;120
11;16;12;72

12;75
1;111;2;114;3;72;4;121;5;118;6;151;7;15;8;57;9;125;10;6;11;87;12;27
3;67;4;161;5;158;6;154;7;29;8;93;9;59;10;98;11;44;12;169
2;46;3;137;4;84;5;89;6;36;7;80;8;3;9;131;10;113;11;129;12;113
12;39
5;162;6;27;7;134;8;116;9;151;10;26;11;167;12;85
0;156;1;27;2;109;3;145;4;167;5;163;6;76;7;16;8;1;9;32;10;102;11;42;12;26
10;96;11;57;12;112
2;81;3;82;4;57;5;124;6;32;7;145;8;88;9;154;10;25;11;67;12;22
5;108;6;132;7;141;8;61;9;38;10;115;11;157
10;120;11;94;12;140
1;126;2;126;3;87;4;52;5;141;6;44;7;59;8;121;9;38;10;127;11;7;12;65
7;36;8;166;9;47;10;66;11;165;12;40
10;80;11;19;12;148
10;36;11;139;12;22
7;169;8;88;9;92;10;105;11;78;12;112
10;63;11;133;12;108
8;107;9;100;10;69;11;40;12;45
7;71;8;48;9;37;10;102;11;108;12;37
8;112;9;135;10;6;11;144;12;99
0;146;1;165;2;95;3;117;4;29;5;56;6;27;7;89;8;78;9;94;10;112;11;164;12;86
10;2;11;97;12;130
9;140;10;104;11;34;12;73
11;62;12;36
10;101;11;120;12;57
5;166;6;82;7;106;8;107;9;81;10;133;11;85;12;119
1;18;2;64;3;36;4;31;5;87;6;164;7;85;8;77;9;18;10;131;11;63;12;117
5;150;6;91;7;81;8;160;9;164;10;34;11;30;12;15
8;28;9;49;10;127;11;52;12;30

8;96;9;136;10;123;11;144;12;35
5;38;6;78;7;98;8;44;9;12;10;28;11;158;12;126

8;160;9;56;10;81;11;8;12;126
12;55
7;167;8;59;9;33;10;2;11;101;12;144
11;141;12;159
11;3;12;159
5;163;6;91;7;6;8;134;9;162;10;25;11;131;12;104
9;73;10;25;11;151;12;104
9;50;10;42;11;82;12;100
11;129;12;145
12;28
11;87;12;114
5;70;6;37;7;24;8;108;9;139;10;58;11;38;12;120

1;20;2;58;3;132;4;130;5;119;6;88;7;163;8;152;9;83;11;29;12;164
2;33;3;103;4;30;5;134;6;16;7;126;8;98;9;107;10;79;11;35;12;20
1;120;2;85;3;106;4;60;5;47;6;138;7;30;8;51;9;151;10;120;11;87;12;89
7;162;8;63;9;167;10;58;11;57;12;119
2;84;3;108;4;47;5;83;6;12;7;156;8;118;9;62;10;87;11;35;12;117
2;51;3;41;4;166;5;79;6;66;7;124;8;18;9;46;10;43;11;40;12;47
11;71;12;94
6;37;7;113;8;149;9;96;10;18;11;74;12;125
2;42;3;162;4;11;5;153;6;75;7;21;8;168;9;68;10;148;11;20;12;100
5;21;6;49;7;116;8;55;9;120;10;162;11;115;12;31
10;60;11;105;12;141
2;60;3;38;4;76;5;29;6;19;7;28;8;139;9;155;10;158;11;64;12;162
0;112;1;92;2;80;3;140;4;56;5;65;6;67;7;1;8;121;9;106;10;88;11;165;12;35
11;84;12;52
9;34;10;69;11;8;12;89
11;69;12;115
10;132;11;158;12;116
6;32;7;39;8;34;9;47;10;2;11;58;12;6

12;146

9;88;10;111;11;14;12;169
6;34;7;71;8;154;9;6;10;78;11;125;12;19
8;62;9;44;10;156;11;86;12;124
5;157;6;109;7;167;8;169;9;32;10;82;11;107;12;59
7;15;8;136;9;46;10;113;11;96;12;134
1;156;2;34;3;169;4;121;5;154;6;165;7;162;8;23;9;20;10;113;11;127;12;142
2;64;3;27;4;20;5;119;6;144;7;33;8;98;9;150;10;91;11;99;12;39
4;166;5;158;6;37;7;133;8;113;9;16;10;40;11;94;12;93
9;73;10;106;11;146;12;30
2;153;3;150;4;160;5;54;6;98;7;128;8;78;9;121;10;66;11;49;12;4
3;47;4;67;5;106;6;13;7;79;8;157;9;142;10;66;11;2;12;150
10;112;11;124;12;120
4;27;5;115;6;53;7;130;8;75;9;13;10;143;11;143;12;154
4;76;5;86;6;98;7;125;8;119;9;20;10;135;11;148;12;140
4;45;5;134;6;110;7;47;8;43;9;132;10;17;11;167;12;164
3;9;4;9;5;94;6;78;7;10;8;40;9;102;10;101;11;110;12;117
8;48;9;71;10;137;11;20;12;169
8;79;9;66;10;104;11;122;12;59
2;65;3;34;5;85;6;30;7;36;8;142;9;65;10;167;11;101;12;63
7;17;8;58;9;125;10;43;11;141;12;157
12;110
12;13
12;91
8;115;9;141;10;71;11;152;12;144
1;127;2;81;3;3;4;101;5;45;6;143;7;31;8;144;9;9;10;79;11;14;12;13
7;89;8;128;9;31;10;145;11;57;12;139
4;38;5;33;6;123;7;62;8;106;9;78;10;40;11;14;12;112
1;53;2;151;3;125;4;131;5;125;6;112;7;50;8;150;9;131;10;71;11;135;12;80
9;86;10;114;11;156;12;125
10;5;11;46;12;138
4;96;5;2;6;16;7;21;8;83;9;132;10;74;11;6;12;135
5;86;6;126;7;24;8;140;9;4;10;161;11;57;12;55
7;87;8;15;9;27;10;13;11;101;12;45
