1;3;2;11;3;1;4;66;5;20;6;10;7;16;8;47;9;72;10;51;11;14;12;55
4;54;5;55;6;22;7;6;8;29;9;30;10;26;11;55;12;24
9;29;10;24;11;21;12;71
2;11;4;36;5;46;6;52;7;73;8;44;9;6;10;46;11;17;12;43
1;14;2;4;3;3;5;14;6;40;7;74;8;34;9;67;10;64;11;44;12;78
0;74;1;65;2;66;3;21;4;12;6;80;7;61;8;13;9;75;10;76;11;21;12;53
3;42;4;78;5;2;7;40;8;23;9;23;10;66;11;19;12;26
9;4;10;35;11;66;12;21
9;30;10;35;11;46;12;44
1;65;2;11;3;8;4;44;5;54;6;68;7;63;8;37;10;41;11;12;12;38
7;29;8;42;9;78;11;1;12;70
8;44;9;5;10;27;12;25
2;26;3;66;4;31;5;57;6;78;7;19;8;70;9;15;10;46;11;1
4;13;5;60;6;12;7;65;8;81;9;65;10;28;11;39;12;13
5;54;6;77;7;60;8;4;9;41;10;71;11;16;12;45
0;39;1;45;3;62;4;27;5;62;6;40;7;76;8;14;9;79;10;28;11;52;12;44
7;52;8;5;9;8;10;40;11;23;12;67
7;67;8;67;9;2;10;37;11;2;12;60
2;81;3;45;4;42;5;24;6;50;7;47;8;27;9;31;10;48;11;56;12;37
8;30;9;35;10;1;11;3;12;39
6;77;7;14;8;50;9;57;10;51;11;81;12;74
7;10;8;39;9;64;10;60;11;59;12;29
3;64;4;65;5;68;6;72;7;54;8;70;9;44;10;13;11;26;12;16
0;23;1;59;2;78;3;54;4;6;5;50;6;37;7;56;8;12;9;52;10;6;11;64;12;19
3;18;4;49;5;45;6;51;7;17;8;74;9;3;10;32;11;33;12;33
7;61;8;25;9;67;10;34;11;63;12;67
4;69;6;5;7;72;8;35;9;27;10;70;11;79;12;71
5;15;6;53;7;34;8;45;9;67;10;3;11;8;12;57
7;9;8;80;9;71;10;66;11;52;12;10
4;30;5;43;6;35;7;72;8;69;9;14;10;32;11;4;12;76
2;36;3;67;4;15;5;2;6;25;7;68;8;49;9;39;10;43;11;6;12;32
2;68;3;6;4;72;5;41;6;15;7;27;8;81;9;38;10;70;11;23;12;76
5;30;6;22;7;26;8;1;9;80;10;9;11;17;12;48
9;71;10;50;11;25;12;47
0;44;1;2;2;18;3;30;4;19;5;9;6;55;7;30;8;75;9;46;10;9;11;51;12;57
8;68;9;50;10;37;11;13;12;10
0;60;1;73;2;36;3;9;4;4;5;76;6;5;7;3;8;36;9;56;10;73;11;29;12;26
2;5;3;5;4;79;5;58;6;59;7;61;8;71;9;28;10;57;11;14;12;29
6;4;7;13;8;76;9;49;10;34;11;26;12;49
5;16;6;70;7;19;8;47;9;36;10;44;11;24;12;57
6;37;7;4;8;9;9;27;10;4;11;62;12;58
9;27;10;34;11;40;12;17
5;38;6;48;7;6;8;8;9;3;10;32;11;1
5;60;6;62;7;2;8;18;9;63;10;46;11;75;12;27
8;32;9;66;10;53;11;6;12;5
0;41;1;33;2;40;3;1;4;19;5;30;6;9;7;81;8;20;9;76;10;39;11;52;12;65
1;56;2;36;3;15;4;10;5;4;6;33;7;59;8;42;9;43;10;75;11;2;12;60
6;42;7;29;8;9;9;36;10;72;11;7;12;14
2;7;3;9;4;15;5;8;6;4;7;22;8;40;9;15;10;41;11;66;12;1
2;61;3;49;4;72;5;10;6;66;7;47;8;30;9;77;10;52;11;46;12;10
4;1;5;1;6;33;7;16;8;78;9;9;10;1;11;43;12;62
6;21;7;13;8;61;9;1;10;45;11;56;12;4
6;39;7;70;8;3;9;20;10;45;11;2;12;71
0;58;1;70;2;74;3;65;4;5;5;62;6;77;7;52;8;36;9;72;10;5;11;78;12;4
3;46;4;41;5;66;6;32;7;50;8;81;9;47;10;77;11;62;12;54
0;80;1;35;2;20;3;61;4;1;5;66;6;70;7;59;8;68;10;49;11;50;12;20
0;2;1;34;2;22;3;80;4;79;5;45;6;60;7;12;8;4;9;6;10;76;11;17;12;20
2;81;3;42;5;8;6;13;7;80;9;43;10;55;11;43;12;26
2;12;3;65;4;26;5;63;6;42;7;14;8;62;9;14;10;16;11;12;12;21
2;77;4;37;5;18;6;55;7;57;8;65;9;54;10;63;11;5;12;28
4;50;5;2;6;40;7;12;8;17;9;22;10;30;11;26;12;19
0;75;1;50;2;46;3;63;4;14;5;29;6;8;7;2;8;12;9;4;10;43;11;46;12;4
4;72;5;43;6;3;7;29;8;25;9;12;10;39;11;11;12;9
7;1;8;57;9;64;10;33;11;3;12;78
8;33;9;37;10;70;11;12;12;11
6;42;7;58;8;25;9;39;10;4;11;18;12;4
2;6;3;37;4;32;5;3;6;6;7;2;8;61;9;21;10;67;11;9;12;17
4;48;5;41;6;11;7;39;8;46;9;48;10;78;11;48;12;19
6;21;7;46;8;28;9;56;10;47;11;5;12;2
0;37;1;17;2;11;3;54;4;52;5;63;6;38;7;80;8;58;9;50;10;77;11;15;12;24
2;32;3;19;4;26;5;28;6;25;7;78;8;10;9;17;10;25;11;35;12;23
7;65;8;75;9;6;10;1;11;15;12;36
0;41;1;5;2;27;3;35;4;80;5;14;6;21;7;31;8;74;9;33;10;71;11;56;12;11
4;78;5;11;6;3;7;77;8;7;9;78;10;50;11;14;12;31
2;8;3;36;4;11;5;8;6;21;7;44;8;59;9;15;10;15;11;34;12;80
6;53;7;28;8;43;9;63;10;32;11;68;12;9
6;47;7;7;8;4;9;59;10;37;11;78;12;7
8;32;9;32;10;12;11;65;12;29
8;17;9;9;10;48;11;80;12;69
3;4;4;27;5;59;6;49;7;15;8;41;9;14;10;43;11;29;12;47
1;54;2;8;3;63;4;38;5;64;6;75;7;14;8;4;9;6;10;60;11;14;12;43
3;22;4;17;5;7;6;26;7;23;8;79;9;70;10;65;11;45;12;21
9;23;10;52;11;54;12;73
2;8;3;80;4;66;5;1;6;69;7;39;8;28;9;80;10;7;11;34;12;8
2;38;3;9;4;25;5;40;6;20;7;5;8;21;9;10;10;50;11;54;12;81
4;26;5;67;6;57;7;46;8;45;9;7;10;29;11;37;12;27
2;45;3;21;4;81;5;6;7;10;8;34;9;68;10;30;11;11;12;33
2;14;3;76;4;14;5;11;6;12;7;25;8;54;9;73;10;17;11;44;12;26
4;11;5;56;6;26;7;41;8;9;9;23;10;72;11;56;12;23
7;44;8;22;9;63;10;48;11;5;12;27
2;72;3;69;4;48;5;64;6;81;7;27;8;30;9;25;10;5;11;11;12;66
9;40;10;2;11;42;12;15
2;31;3;66;4;61;5;43;6;38;7;43;8;80;9;24;10;40;11;63;12;6
3;34;4;79;5;21;6;24;7;53;8;20;9;70;10;12;11;23;12;59
9;30;10;24;11;2;12;56
5;19;6;26;7;67;8;72;9;41;10;42;11;66;12;32
1;80;2;29;3;63;4;39;5;70;6;2;7;74;8;19;9;31;10;19;11;34;12;35
4;22;5;15;6;58;7;20;9;62;10;31;11;31;12;7
9;28;10;40;11;22;12;15
2;69;3;30;4;35;5;7;6;7;7;72;8;76;9;35;10;55;11;75;12;7
3;27;4;1;5;57;6;31;7;1;8;25;9;74;10;77;11;56;12;81
7;56;8;6;9;7;10;59;11;77;12;45
5;25;6;72;7;13;8;46;9;4;10;2;11;45;12;50
9;30;10;39;11;32;12;54
3;29;4;13;5;75;6;2;7;17;8;14;9;78;10;60;11;33;12;53
0;38;1;24;2;48;3;49;4;48;5;80;6;35;7;44;8;28;9;70;10;48;11;54;12;22
4;63;5;8;6;48;7;44;8;6;9;54;10;20;11;58;12;39
0;55;1;55;2;47;3;34;4;15;5;31;6;23;7;76;8;11;9;51;10;63;11;56;12;22
0;22;1;50;2;75;3;78;4;40;5;53;6;65;7;1;8;62;9;14;10;58;11;29;12;43
4;10;5;3;6;71;7;65;8;73;9;44;10;70;11;67;12;6
3;8;4;40;5;1;6;15;7;43;8;76;9;19;10;78;11;27;12;26
4;16;5;42;6;22;7;18;8;64;9;24;10;38;11;42;12;41
6;49;7;28;8;52;9;4;10;21;11;65;12;50
6;12;7;12;8;33;9;76;10;57;11;16;12;77
8;50;9;72;10;52;11;16;12;34
0;74;1;38;2;56;3;12;4;78;5;71;6;56;7;68;8;39;9;40;10;54;11;11;12;2
3;75;4;31;5;44;6;36;7;35;8;14;9;2;10;25;11;52;12;32
5;41;6;23;7;72;8;49;9;40;10;6;11;58;12;34
3;32;4;44;5;23;6;14;7;15;8;26;9;61;10;24;11;36;12;60
6;14;7;4;8;56;9;66;10;68;11;80;12;26
2;21;3;61;4;43;5;54;6;24;7;54;8;15;9;60;10;68;11;74;12;27
1;7;2;29;3;29;4;26;5;76;6;57;7;27;8;36;9;39;10;22;11;25;12;21
9;62;10;11;11;67;12;38
0;70;1;28;2;54;3;14;4;1;5;14;7;42;8;27;9;53;10;9;11;45;12;63
1;12;2;69;3;45;4;9;5;11;6;73;7;6;9;27;10;25;11;28;12;27
7;43;8;46;9;35;10;76;11;15;12;81
8;25;9;38;10;34;11;78;12;12
5;45;6;39;7;81;8;2;9;65;10;15;11;44;12;23
1;68;2;75;3;61;4;31;5;39;6;57;7;66;8;41;9;55;10;10;11;10;12;77
4;54;5;73;6;14;7;36;8;33;9;45;10;62;11;49;12;57
9;60;10;13;11;18;12;7
9;42;10;13;12;55
7;44;8;44;9;23;10;12;11;19;12;16
9;2;10;23;11;70;12;81
9;25;10;48;11;81;12;6
0;44;1;12;2;31;3;49;4;28;5;3;6;11;7;20;8;4;9;48;10;9;11;29;12;27
2;16;3;60;4;70;5;72;6;28;7;61;8;22;9;13;10;25;11;33;12;78
2;52;3;77;4;35;5;36;6;23;7;75;8;48;9;63;10;33;11;78;12;12
2;80;3;66;4;65;5;78;6;41;7;58;8;69;9;33;10;55;11;26;12;79
0;50;1;56;2;13;3;16;4;55;5;42;6;13;7;63;8;29;9;44;10;61;11;43;12;41
1;20;2;71;3;36;4;63;5;49;6;20;7;54;8;14;9;2;10;23;11;66;12;29
8;69;10;35;11;18;12;37
8;52;9;38;10;58;11;62;12;39
4;18;5;38;6;6;7;31;8;36;9;80;10;70;11;59;12;43
7;30;8;6;9;55;10;48;11;6;12;14
5;62;6;4;7;45;8;78;9;40;10;65;11;58;12;78
6;73;8;3;9;67;10;58;11;77;12;51
0;76;1;61;2;27;3;4;4;81;5;12;6;75;7;43;8;51;9;13;10;78;11;9;12;63
3;67;4;65;5;18;6;70;7;44;8;54;9;67;10;21;11;67;12;1
0;1;1;1;2;23;3;43;4;47;5;34;6;69;7;5;8;13;9;71;10;8;11;72;12;41
2;6;3;15;4;50;5;46;6;71;7;72;8;52;9;23;10;16;11;49;12;61
2;21;3;25;4;60;5;33;6;51;7;48;8;32;9;38;10;30;11;65;12;29
5;37;6;55;7;46;8;73;9;45;10;47;11;22;12;33
5;61;6;52;7;7;8;47;10;44;11;30;12;36
9;34;10;23;11;44;12;35
7;70;8;77;9;6;10;36;11;63;12;49
2;71;3;7;4;61;5;49;6;78;7;42;8;22;9;55;10;75;11;58;12;48
8;34;9;23;10;9;11;16;12;80
4;48;5;2;6;1;7;52;8;53;9;11;10;76;11;28;12;59
8;51;9;16;10;33;11;60;12;5
5;1;6;21;7;77;8;1;9;53;10;42;11;69;12;58
0;21;1;10;2;44;3;73;4;51;5;23;6;30;7;32;8;68;9;7;10;49;11;67;12;33
7;10;8;41;9;44;10;59;11;20;12;49
6;57;7;30;8;76;9;16;10;54;11;56;12;73
6;78;7;55;8;13;9;49;10;15;11;12;12;81
9;36;10;69;11;51;12;32
0;8;2;13;3;2;4;31;5;3;6;19;7;50;9;40;10;62;11;4;12;71
5;24;6;49;7;45;8;60;9;34;10;29;11;46;12;47
2;25;3;34;4;28;5;1;6;72;7;67;8;4;10;67;11;16;12;12
8;11;9;65;10;20;11;63;12;76
9;8;10;26;11;5;12;70
5;3;6;3;7;65;8;38;9;42;10;52;11;31;12;57
2;22;3;4;4;28;5;35;6;52;7;16;8;18;9;2;10;44;11;60;12;59
1;79;2;76;3;28;4;18;5;73;6;19;7;44;8;24;9;18;10;20;12;68
3;36;4;30;5;3;6;19;7;79;8;33;9;32;10;7;11;15;12;52
7;81;8;21;9;56;10;4;11;80;12;15
1;54;2;19;3;30;4;20;5;25;6;40;7;24;8;59;9;48;10;38;11;27;12;70
9;9;10;14;11;74;12;51
1;60;2;71;3;29;4;43;5;9;6;70;7;5;8;45;9;71;10;34;11;11;12;70
2;15;3;2;4;12;5;23;6;15;7;63;8;23;9;33;10;77;11;39;12;27
4;15;5;25;6;33;7;11;8;44;9;51;10;75;11;48;12;57
6;43;7;52;8;18;9;8;10;60;11;20;12;1
8;62;9;29;10;9;11;44;12;31
6;60;7;41;8;26;9;46;10;47;11;23;12;45
4;28;5;1;6;65;7;73;8;72;9;11;10;60;11;13;12;35
5;74;6;70;7;63;8;65;9;68;10;44;11;7;12;37
9;75;10;29;11;74;12;26
2;14;3;50;4;55;5;2;6;2;7;63;8;48;9;54;10;2;11;11;12;38
7;63;8;73;9;14;10;67;11;53;12;3
7;45;8;81;9;67;10;30;11;7;12;21
0;15;1;52;2;25;3;57;4;1;5;60;6;69;7;50;8;11;9;24;10;52;11;9;12;80
4;22;5;69;6;60;7;30;8;7;9;81;10;49;11;53;12;22
1;5;2;39;3;75;4;3;5;40;6;79;7;32;8;75;9;48;10;36;11;8;12;59
0;63;1;34;2;76;3;2;4;13;5;24;6;43;7;43;8;70;9;50;10;43;11;63;12;61
6;22;7;38;8;13;9;40;10;75;11;80;12;21
3;42;4;28;5;13;6;77;7;19;8;68;9;64;10;4;11;45;12;61
4;46;5;75;6;3;8;54;9;76;10;7;11;20;12;46
2;38;3;49;4;29;5;9;6;78;7;56;8;37;9;42;10;36;11;14;12;34
7;19;8;42;9;61;10;64;11;21;12;2
6;26;7;45;8;1;9;17;10;46;11;25;12;10
2;69;3;72;4;23;5;20;6;4;7;64;8;27;9;42;10;53;11;79;12;13
3;46;4;16;5;28;6;47;7;9;8;23;9;52;10;51;11;28;12;78
5;63;6;56;7;61;8;76;9;72;10;21;11;10;12;73
0;62;1;22;2;11;3;16;4;70;5;16;6;17;7;60;8;53;9;61;11;66;12;40
4;77;5;23;6;9;7;71;8;21;9;9;10;27;11;9;12;25
1;79;2;33;3;78;4;52;5;51;6;24;7;35;8;76;9;66;10;43;11;76;12;55
4;4;6;2;7;41;8;56;9;21;10;20;12;27
8;66;9;27;10;70
2;29;3;27;4;52;5;78;6;40;7;10;8;50;9;31;10;69;11;45;12;1
6;4;7;80;8;2;9;59;10;14;11;35;12;22
5;74;6;75;7;27;8;3;9;49;10;4;11;79;12;8
0;4;1;14;2;81;3;17;4;5;5;62;6;65;7;61;8;68;9;23;10;28;11;2;12;47
4;10;5;57;6;20;7;75;8;18;9;48;10;43;11;43;12;55
8;8;9;18;10;60;11;42;12;57
8;58;9;68;10;16;11;11;12;57
0;79;1;72;2;43;3;47;4;59;5;52;6;44;7;77;8;43;9;71;10;30;11;30;12;5
0;17;1;5;2;27;3;16;4;80;5;48;6;26;7;57;8;56;9;5;10;44;11;73;12;42
3;81;4;3;5;61;6;63;7;36;8;14;9;68;10;4;11;72;12;36
6;70;7;44;8;35;9;42;10;72;11;16;12;5
9;24;10;60;11;9;12;22
0;27;1;56;2;21;3;67;4;81;5;25;6;13;7;60;8;50;9;12;10;36;11;56;12;4
5;38;6;4;7;62;8;35;9;10;10;18;11;7;12;79
3;52;4;15;5;32;6;17;7;32;8;28;9;24;10;2;12;65
8;23;9;14;10;10;11;78;12;18
8;71;9;60;10;18;11;41;12;15
7;12;8;74;9;57;10;80;11;61;12;43
0;5;1;81;2;67;3;36;4;73;5;60;6;41;7;9;8;49;9;22;10;4;11;44;12;33
0;71;1;62;2;76;3;58;4;23;5;52;6;62;7;54;8;46;9;48;10;13;11;5;12;71
7;53;8;42;9;45;10;24;11;24;12;70
7;70;9;77;10;33;11;42;12;79
8;48;9;50;10;20;11;21;12;18
3;4;4;1;5;27;6;33;7;76;8;78;9;53;10;17;11;6;12;43
0;71;1;73;2;45;3;66;4;31;5;1;6;1;7;71;8;57;9;76;10;38;11;76;12;20
2;46;3;34;4;49;5;5;6;68;7;39;8;9;9;45;10;44;11;81;12;60
5;34;6;23;7;50;8;81;9;54;10;57;11;39;12;80
7;79;8;27;9;46;10;74;11;73;12;30
8;32;9;71;10;49;11;47;12;46
1;40;2;73;3;58;4;57;5;81;6;17;7;67;8;72;9;65;10;79;11;67;12;23
8;7;9;80;10;23;11;53;12;41
6;6;7;43;8;45;9;41;10;28;11;76;12;45
4;81;5;79;6;13;7;76;8;50;9;67;10;12;11;24;12;54
2;30;3;33;4;13;5;48;6;60;7;20;8;40;9;46;10;13;11;18;12;31
7;70;8;60;9;78;10;78;11;53;12;76
8;6;9;18;10;12;11;28;12;71
2;70;3;19;4;19;5;8;6;61;7;18;8;48;9;33;10;53;11;61;12;6
4;27;5;45;6;37;7;17;8;5;9;6;10;1;11;13;12;5
7;27;8;67;10;66;11;26;12;55
5;41;6;49;7;54;9;74;10;79;11;7;12;4
7;40;8;26;9;40;10;77;11;30;12;65
3;31;4;48;5;66;6;62;7;31;8;21;9;27;10;47;11;59;12;31
4;21;6;63;7;49;8;2;9;39;10;54;11;65;12;62
6;13;7;57;8;53;9;72;10;57;11;12;12;35
3;18;4;33;5;74;6;22;7;17;8;43;9;26;10;29;11;37;12;73
2;61;3;22;4;41;5;69;6;53;7;19;8;63;9;37;10;23;11;63;12;56
9;13;10;75;11;72;12;72
0;59;1;72;2;1;3;33;4;20;5;22;6;46;7;46;8;58;9;36;10;9;11;56;12;77
0;9;1;46;2;41;3;11;4;49;5;7;6;70;7;29;8;42;9;55;10;47;11;70;12;71
7;31;8;54;9;10;10;35;11;76;12;65
2;58;3;6;4;34;5;10;6;65;7;52;8;77;9;22;10;52;11;65;12;74
1;24;2;68;3;8;4;80;5;60;6;31;7;4;8;81;9;29;10;28;11;19;12;75
3;8;4;9;5;75;6;81;7;79;8;80;9;26;10;3;11;70;12;57
3;7;4;42;6;29;7;50;8;48;9;70;10;64;11;72;12;31
1;14;2;59;3;69;4;65;5;69;6;5;7;81;8;48;9;54;10;55;11;17;12;46
7;2;8;12;9;29;10;3;11;58;12;22
0;7;1;27;2;48;3;80;4;18;5;36;6;24;7;36;8;29;9;63;10;26;11;34;12;79
6;80;7;64;8;20;9;81;10;72;11;15;12;74
5;56;6;22;7;45;8;28;9;19;10;48;11;67;12;35
9;28;10;77;11;13;12;72
5;80;6;40;7;3;8;20;9;77;10;60;11;80;12;15
7;62;8;65;9;8;10;28;12;46
6;61;7;15;8;36;9;33;10;73;11;45;12;17
2;19;3;79;4;37;5;40;6;12;7;67;8;56;9;44;10;66;11;18;12;70
1;32;2;77;3;32;4;15;5;33;6;17;7;3;8;35;9;49;10;75;11;52;12;40
0;20;1;64;2;5;3;31;4;14;5;52;6;50;7;50;8;67;9;28;10;47;11;66;12;42
3;26;4;37;5;47;6;74;8;72;9;47;10;78;11;75;12;44
6;51;7;38;8;28;9;51;10;30;11;33;12;59
8;60;9;55;10;60;11;60;12;29
6;45;7;2;8;10;9;14;10;61;11;25;12;55
1;42;2;66;3;60;4;65;5;67;6;22;7;78;8;58;9;56;10;59;11;78;12;12
4;24;5;9;6;70;7;65;8;17;9;37;10;41;11;16;12;14
1;57;2;1;3;42;4;9;5;25;6;17;7;27;8;60;9;40;10;6;11;34;12;70
4;63;5;44;6;1;7;61;8;68;9;51;10;25;11;32;12;51
1;72;2;68;3;19;4;8;5;33;6;29;7;18;8;65;9;80;10;80;11;62;12;74
7;51;8;5;9;58;10;1;11;5;12;69
3;12;4;32;5;60;6;14;7;42;8;62;9;76;10;71;11;76;12;63
4;6;5;69;6;44;7;24;8;65;9;72;10;70;11;51;12;48
7;28;8;60;9;67;10;62;11;59;12;18
3;46;4;33;5;26;6;11;7;74;8;58;9;68;10;53;11;68;12;64
4;41;5;12;6;29;7;28;8;81;9;50;10;76;11;50;12;47
9;27;10;75;11;31;12;62
0;52;1;80;2;74;4;12;5;22;6;68;7;43;8;44;9;27;10;45;11;54;12;15
2;13;3;66;4;68;5;69;6;54;7;81;8;31;9;68;10;2;11;61;12;69
9;9;10;40;12;58
7;2;8;3;9;11;10;53;11;11;12;28
5;25;6;13;7;3;8;24;9;60;10;1;11;23;12;79
8;64;9;20;10;10;11;18;12;13
7;15;8;54;9;73;10;6;11;16;12;75
8;43;9;44;10;81;11;59;12;70
6;64;7;33;8;47;9;58;10;37;11;71;12;2
1;75;2;47;3;23;4;51;5;33;6;41;7;35;8;71;9;6;10;25;11;42;12;35
0;65;1;10;2;15;3;72;4;15;5;61;6;41;7;11;8;55;9;9;10;80;11;48;12;1
2;11;3;11;4;30;5;69;6;32;7;21;8;22;9;23;10;49;11;27;12;79
9;76;10;51;11;78;12;46
5;2;6;72;7;78;8;73;9;72;10;24;11;15;12;20
8;64;9;24;10;36;11;24;12;32
5;50;6;18;7;21;8;59;9;73;10;11;12;66
7;45;8;80;9;81;10;76;11;75;12;49
5;54;6;50;7;9;8;59;9;10;10;58;11;55;12;10
3;63;4;1;5;54;6;24;7;4;8;32;9;58;10;64;11;10;12;60
7;61;8;11;9;63;10;27;11;51;12;77
6;48;7;75;8;54;9;75;10;29;11;41;12;37
5;81;6;47;7;38;8;19;9;9;10;32;11;4;12;51
5;68;6;7;7;54;8;58;10;33;11;22;12;55
7;36;8;31;9;41;10;3;11;4;12;22
1;46;2;48;3;15;4;73;5;30;6;44;7;5;8;42;9;65;10;43;11;6;12;35
5;75;6;80;7;56;8;76;9;1;10;15;11;25;12;61
4;4;5;4;6;21;7;23;8;22;9;46;10;45;11;68;12;30
4;75;5;60;6;65;7;34;8;68;9;81;10;70;11;22;12;15
4;19;5;67;6;41;7;4;8;73;9;40;10;38;11;41;12;58
6;55;7;24;8;57;9;10;10;62;11;79;12;68
7;51;8;3;9;41;10;61;11;43;12;32
6;4;7;64;8;33;9;1;10;59;11;49;12;49
4;57;5;29;6;78;7;53;8;39;9;26;10;67;11;37;12;76
9;7;10;59;11;48;12;70
2;62;3;50;4;32;5;81;6;65;7;60;8;66;9;13;10;73;11;80;12;12
1;13;2;28;3;53;4;8;5;75;6;61;7;25;8;28;9;35;10;2;11;14;12;2
4;74;5;71;6;24;7;70;8;75;9;43;10;5;11;28;12;41
1;55;2;27;3;34;4;46;5;5;6;34;7;58;8;72;9;16;10;20;11;65;12;71
3;55;4;47;5;38;6;67;7;79;8;69;9;60;10;56;11;8;12;38
7;49;8;32;10;74;11;81;12;71
5;56;6;24;7;29;8;51;9;29;10;40;11;52;12;81
9;70;10;11;11;21;12;48
0;80;1;3;2;32;3;18;4;15;5;2;6;80;7;25;8;48;9;81;10;60;11;1;12;55
7;49;8;29;9;47;10;48;11;48;12;56
1;52;2;54;3;36;4;15;5;66;6;22;7;9;8;58;9;7;10;60;11;62;12;55
2;38;3;53;4;29;5;75;6;7;7;33;8;33;9;59;10;7;11;36;12;60
8;11;9;24;10;36;11;51;12;73
2;4;3;7;4;58;5;44;6;63;7;61;8;62;9;57;10;56;11;42;12;38
6;53;7;70;8;38;9;66;10;44;11;43;12;11
9;58;10;43;11;79;12;78
6;66;7;59;8;34;9;55;10;31;11;8;12;67
0;77;1;37;2;68;3;48;4;60;5;65;6;61;7;78;8;40;9;70;10;77;11;44;12;2
6;62;7;2;8;72;9;23;10;17;11;38;12;45
6;55;7;8;8;55;9;21;10;26;11;67;12;13
1;54;2;25;3;71;4;58;5;53;6;44;7;17;8;53;9;54;10;2;11;43;12;77
6;64;7;72;8;45;9;1;10;72;11;62;12;81
7;53;8;1;9;80;10;70;11;66;12;18
5;63;6;41;7;75;8;63;9;68;10;34;11;44;12;21
0;34;1;2;2;3;3;77;4;18;5;34;6;32;7;74;8;69;9;48;10;1;11;69;12;18
2;40;3;32;4;76;5;47;6;11;7;30;8;21;9;49;10;81;11;74;12;2
3;1;4;17;5;42;6;19;7;42;8;49;9;74;10;7;11;54;12;40
2;6;3;25;4;72;5;70;6;76;7;73;8;66;9;1;10;17;11;56;12;57
2;24;3;43;4;36;5;4;6;81;7;14;8;71;9;13;10;32;11;78;12;75
2;80;3;20;4;26;5;33;6;22;7;6;8;60;9;8;10;46;11;40;12;26
1;7;2;32;3;65;4;50;5;77;6;60;7;57;8;27;9;57;10;76;11;77;12;14
1;4;2;73;3;49;4;74;5;15;6;14;7;48;8;14;9;53;10;20;11;30;12;47
8;40;9;62;10;13;11;29;12;57
5;73;6;22;7;18;8;20;9;50;10;55;11;57;12;41
0;30;1;16;2;62;3;35;4;72;5;36;6;58;7;22;8;72;9;63;10;5;11;55;12;35
3;29;4;64;5;33;6;36;7;45;8;4;9;50;10;10;11;55;12;27
7;44;8;23;9;55;10;3;11;39;12;70
1;39;2;36;3;35;4;54;5;44;6;32;7;12;8;25;9;73;10;67;11;65;12;23
2;1;3;36;4;63;5;72;7;73;8;42;9;24;10;11;11;54;12;51
7;32;8;72;9;28;11;1;12;1
9;11;10;56;11;19;12;40
0;13;1;20;2;55;3;5;4;31;5;28;6;9;7;18;8;25;9;24;10;1;11;63;12;34
0;53;1;18;2;27;3;46;4;60;5;14;6;74;7;43;8;75;9;42;10;77;11;69;12;43
8;15;9;55;10;24;11;19;12;70
1;29;2;31;3;3;4;58;5;9;6;58;7;65;8;23;9;12;10;65;11;50;12;47
4;74;5;64;6;9;7;74;8;55;9;22;10;9;11;81;12;24
2;35;3;14;4;5;5;7;6;57;7;24;8;25;9;28;10;68;11;21;12;70
9;32;10;18;11;19;12;49
0;64;1;31;2;25;3;81;4;58;5;68;6;45;7;54;8;45;9;11;10;66;11;27;12;76
1;18;2;48;3;59;4;30;5;74;6;18;7;6;8;29;9;63;10;58;11;67;12;55
8;17;9;25;10;34;11;81;12;37
7;48;8;28;9;45;10;32;11;75;12;31
5;66;6;42;7;61;8;57;9;4;10;10;11;12;12;12
7;43;8;42;9;43;10;79;11;32;12;18
6;36;7;15;8;37;9;56;10;50;11;39;12;78
9;78;10;25;11;2;12;7
4;32;5;22;6;25;7;74;8;44;9;47;10;74;11;44;12;27
5;35;6;44;7;59;8;12;9;11;10;54;11;69;12;35
5;39;6;17;7;49;8;70;9;54;10;77;11;69;12;48
2;60;3;13;4;31;5;79;6;78;7;24;8;25;9;71;10;59;11;33;12;5
8;75;9;77;10;50;11;60;12;65
7;2;8;60;9;12;10;6;11;27;12;2
9;40;10;17;11;29;12;7
2;2;3;49;4;21;5;31;6;49;7;60;8;51;9;46;10;47;11;29;12;65
9;11;10;43;11;63;12;73
9;66;10;44;11;58;12;31
5;60;6;81;7;26;8;4;9;77;10;76;11;78;12;62
7;10;8;15;9;4;10;25;11;12;12;27
7;72;8;77;9;67;10;62;11;71;12;80
4;57;5;19;6;81;7;21;8;58;9;68;10;18;11;65;12;52
7;33;8;10;9;53;10;57;11;41;12;46
2;2;3;67;4;65;5;10;6;2;7;68;8;50;9;20;10;29;11;45;12;22
9;67;10;78;11;51;12;21
3;79;4;56;5;47;6;59;7;69;8;39;9;40;10;78;11;17;12;57
4;69;5;70;6;81;7;9;8;60;9;80;10;8;11;20
7;70;8;47;9;46;10;25;11;49;12;74
7;55;8;42;9;64;10;77;11;53;12;16
9;70;10;2;11;24;12;37
8;15;9;40;10;7;11;36;12;64
3;81;4;2;5;24;6;44;7;36;8;65;9;41;10;36;11;26;12;49
2;2;3;58;4;7;5;8;6;10;7;51;8;40;9;28;10;19;11;2;12;29
6;57;7;41;8;6;9;66;10;5;11;39;12;81
3;48;4;45;5;56;6;23;7;34;8;32;9;9;10;1;11;66;12;58
7;29;8;17;9;4;10;74;11;5;12;13
2;43;3;1;4;73;5;55;6;42;7;67;8;53;9;55;10;15;11;4;12;49
6;6;7;74;8;49;9;48;10;79;11;61;12;37
2;44;3;8;4;24;5;37;6;79;7;80;8;51;9;72;10;68;11;73;12;32
9;31;10;71;11;73;12;42
8;68;9;37;10;19;11;35;12;24
8;69;9;60;10;35;11;42;12;48
4;47;5;43;6;10;7;10;8;76;9;58;10;35;11;42;12;73
5;3;6;55;7;1;8;39;9;16;10;53;11;38;12;47
1;49;2;77;3;56;4;29;5;73;6;3;7;42;8;1;9;25;10;21;11;6;12;13
8;44;9;37;10;27;11;41;12;76
3;19;4;13;5;23;6;54;7;80;8;43;9;20;10;79;11;41;12;71
8;79;9;53;10;75;11;73;12;11
6;9;7;43;8;77;9;81;10;25;11;42;12;3
2;44;3;19;4;81;5;49;6;57;8;23;9;74;11;59;12;3
9;37;10;69;11;73;12;74
8;15;9;79;10;39;11;75;12;13
7;50;8;43;9;62;10;12;11;34;12;12
2;81;3;37;4;66;5;75;6;4;7;21;8;37;9;19;10;8;11;77;12;33
8;23;9;45;10;28;11;56;12;34
2;73;3;8;4;65;5;29;6;12;7;31;8;56;9;7;10;61;11;31;12;58
9;74;10;64;11;5;12;18
1;9;2;56;3;46;4;2;5;34;6;22;7;1;8;54;9;51;10;32;11;19;12;80
2;59;3;43;4;2;5;10;6;4;7;41;8;65;9;35;10;80;11;55;12;28
5;5;6;16;7;55;8;70;9;62;10;76;11;38;12;18
8;33;9;35;10;65;11;61;12;48
5;25;6;29;7;55;8;3;9;39;10;22;11;2;12;54
3;23;4;68;5;72;6;60;7;32;8;7;9;38;10;64;11;55;12;58
7;17;8;79;9;59;10;64;11;30;12;13
7;8;8;8;9;45;10;28;11;48;12;21
3;54;4;81;5;10;6;27;7;9;8;8;9;57;10;38;11;24;12;54
0;59;1;21;2;22;3;54;4;4;5;23;6;23;7;62;8;71;9;27;10;20;11;63;12;38
5;63;6;73;7;34;8;3;9;52;10;79;11;60;12;29
3;59;4;43;5;4;6;61;7;25;8;31;9;44;10;81;11;79;12;30
0;73;1;11;3;26;4;15;5;80;7;11;9;62;10;68;11;44;12;62
0;39;1;15;3;28;4;38;5;56;6;24;7;72;8;13;9;21;10;7;11;45;12;78
7;33;8;20;9;29;10;21;11;63;12;59
5;69;6;50;7;45;8;34;9;22;10;26;11;12;12;50
0;45;1;40;2;67;3;24;4;23;5;9;6;81;7;57;8;34;9;53;10;33;11;27;12;10
3;37;4;73;5;78;6;23;7;33;8;64;9;71;10;31;11;44;12;25
7;43;8;33;9;1;10;45;11;40;12;11
3;80;4;35;5;34;6;75;7;21;8;57;9;2;10;78;11;71;12;1
8;65;9;50;10;46;11;14;12;22
2;3;3;18;4;51;5;3;6;60;7;10;8;45;9;58;10;15;11;81;12;49
7;6;8;17;9;11;10;79;11;37;12;29
5;41;6;54;7;11;8;8;9;36;10;59;11;9;12;70
2;5;3;44;4;57;5;33;6;68;7;20;8;52;9;29;10;8;11;63;12;39
1;36;2;52;3;64;5;26;6;2;7;10;8;30;9;20;10;50;11;35;12;58
6;7;7;72;8;46;9;22;10;25;11;80;12;55
1;48;2;65;3;10;4;58;5;81;6;21;7;15;8;32;9;57;10;60;11;71;12;68
7;23;8;79;9;74;10;70;11;39;12;6
8;52;9;57;10;18;11;25;12;51
3;2;4;12;5;17;6;35;7;56;8;47;9;37;10;57;11;24;12;9
2;28;3;30;4;60;5;39;6;43;7;49;8;27;9;80;10;48;11;12;12;71
4;55;5;49;6;80;7;58;8;79;9;21;10;7;11;24;12;68
9;35;10;69;12;32
1;53;2;53;3;5;4;47;5;51;6;72;7;68;8;4;9;34;10;43;11;22;12;11
7;17;8;23;9;21;10;79;11;54;12;11
0;17;1;62;2;44;3;49;4;49;5;43;6;34;7;42;8;68;9;28;10;67;12;79
9;41;10;2;11;66;12;67
6;6;7;66;8;19;9;64;10;45;11;73;12;44
0;76;1;40;2;9;3;24;4;22;5;14;6;23;7;41;8;29;9;22;10;51;11;53;12;38
6;33;7;73;8;23;9;8;10;40;11;4;12;9
6;78;7;59;8;49;9;22;11;27;12;56
0;24;1;19;2;48;3;55;4;29;5;31;6;4;7;35;8;21;9;6;10;33;11;46;12;20
3;70;4;46;5;43;6;7;7;16;8;26;9;46;10;71;11;55;12;36
7;22;8;23;9;25;10;17;11;12;12;32
9;37;10;4;11;5;12;15
1;9;2;69;3;63;4;73;5;21;6;69;7;11;8;69;9;21;10;32;11;33;12;19
7;62;8;8;9;6;10;79;11;24;12;50
1;16;2;38;3;64;4;11;5;63;6;35;7;36;8;74;9;6;10;25;11;21;12;62
1;80;2;35;3;73;4;52;5;48;6;22;7;29;8;50;9;7;10;22;11;8;12;34
7;43;8;49;9;9;10;38;11;42;12;74
8;51;9;74;10;56;11;81;12;13
6;50;7;66;8;29;9;39;10;38;11;28;12;6
4;52;5;58;6;43;7;46;8;40;9;33;10;46;11;6;12;78
6;57;7;47;8;28;9;23;10;34;11;40;12;10
5;22;6;44;7;5;8;56;9;36;10;32;11;27;12;45
4;34;5;14;6;76;7;79;8;72;9;55;10;64;11;50;12;59
6;74;7;4;8;15;9;4;10;77;11;70;12;44
3;4;4;22;5;52;6;10;7;7;8;62;9;34;10;34;11;79;12;61
2;40;3;1;4;14;5;50;6;40;7;53;8;61;9;10;10;36;11;69;12;70
8;26;9;78;10;63;11;43;12;26
8;9;9;33;10;10;11;49;12;42
1;33;2;25;3;62;4;22;5;16;6;43;7;53;8;5;9;19;10;77;11;15;12;72
7;26;8;41;9;78;10;66;11;74;12;32
6;49;7;77;8;26;9;74;10;33;11;29;12;64
9;57;10;51;11;71;12;41
4;43;5;33;6;6;7;66;8;77;9;4;10;30;11;75;12;10
7;28;8;15;9;70;10;80;11;43;12;35
9;60;10;14;11;58;12;31
8;61;9;65;10;67;11;38;12;21
2;30;3;18;4;31;5;21;6;42;7;57;8;54;9;65;10;75;11;51;12;20
5;36;6;12;7;58;8;57;9;12;10;53;11;8;12;27
2;21;3;78;4;31;5;18;6;61;7;68;8;56;9;1;10;26;11;69;12;69
6;11;7;33;8;73;9;30;10;48;11;72;12;72
9;58;10;14;11;6;12;13
3;70;5;47;6;42;7;30;8;28;9;76;10;19;11;10;12;42
4;39;5;58;6;76;7;55;8;75;9;45;10;21;11;26;12;39
4;16;5;75;6;81;7;49;8;20;9;77;10;10;11;64;12;22
3;73;4;68;5;53;6;76;7;36;8;73;9;81;10;78;11;69;12;31
2;68;3;69;4;16;5;17;6;16;7;53;8;11;9;1;10;71;11;29;12;70
0;36;1;5;2;31;3;60;4;45;5;5;6;81;7;11;8;10;9;65;10;56;11;13;12;50
5;49;6;17;7;1;8;39;9;8;10;10;11;16;12;10
4;22;5;6;6;34;7;61;8;6;9;46;10;47;11;14;12;31
6;26;7;44;9;65;10;68;11;10;12;33
1;13;2;68;3;33;4;6;5;22;6;19;7;27;8;41;9;41;10;18;11;70;12;65
9;36;10;66;11;24;12;29
1;57;2;29;3;10;4;70;5;34;6;10;7;36;8;33;9;36;10;12;11;16;12;33
0;64;1;3;2;70;3;40;4;4;5;25;6;73;7;32;8;60;9;38;10;14;11;4;12;9
8;14;9;81;10;79;11;27;12;8
8;14;9;56;11;54;12;24
0;64;1;74;2;17;3;46;4;66;5;80;6;3;7;79;8;38;9;5;10;81;11;28;12;61
3;73;4;63;5;11;7;40;8;56;9;35;10;71;12;44
4;6;5;76;6;7;7;39;8;21;9;12;10;75;11;57;12;25
2;28;3;22;4;11;5;57;6;51;7;77;8;2;9;72;10;1;11;28;12;24
0;79;1;19;2;72;3;63;4;63;5;15;6;11;7;23;8;6;9;20;10;31;11;48;12;52
8;74;9;65;10;49;11;67;12;57
8;48;9;29;10;49;11;2;12;23
2;28;3;79;4;17;5;79;6;17;7;48;8;43;9;43;10;55;11;73;12;31
7;9;8;80;9;22;10;19;11;74;12;60
9;36;10;79;11;28;12;80
8;40;9;45;10;3;11;65;12;63
1;21;2;74;3;81;4;19;5;78;6;6;7;67;8;9;9;79;10;33;11;38;12;60
5;44;6;12;7;69;8;45;9;53;10;64;11;46;12;65
1;19;2;11;3;34;4;66;5;81;6;33;7;46;8;30;9;8;10;66;11;13;12;14
5;15;6;53;7;6;8;54;9;7;10;16;11;28;12;43
0;72;1;60;2;72;3;64;4;38;5;59;6;27;7;64;8;72;9;40;11;24;12;7
6;7;7;80;8;31;9;52;10;50;11;8;12;21
8;73;9;28;10;70;11;29;12;56
1;22;2;45;3;80;4;4;5;4;6;34;7;16;8;79;9;51;10;49;11;67;12;11
1;15;2;46;3;26;4;68;5;48;6;36;7;60;8;72;9;76;10;32;11;43;12;56
4;5;5;46;6;69;7;77;8;62;9;28;10;9;11;43;12;48
3;45;4;66;5;57;6;27;7;57;8;30;9;3;10;32;11;17;12;17
4;57;5;31;6;80;7;3;8;39;9;15;10;53;11;69;12;66
1;48;2;81;3;51;4;61;5;64;6;65;7;21;8;45;9;56;10;67;11;78;12;51
9;7;10;47;11;55;12;31
6;29;7;63;8;46;9;32;10;55;11;67;12;1
3;51;4;63;5;44;6;30;7;60;8;38;9;65;10;44;11;52;12;55
4;20;5;39;6;69;7;40;8;8;9;5;10;3;11;46;12;72
6;31;7;13;8;30;9;77;10;37;11;11;12;49
3;41;4;68;5;24;6;5;7;57;8;50;9;68;10;38;11;2;12;79
7;73;8;27;9;11;10;23;11;62;12;14
9;50;10;33;11;26;12;78
5;3;6;19;7;63;8;66;9;11;10;24;11;22;12;4
3;55;4;21;5;62;6;37;7;67;8;39;9;56;10;7;11;4;12;42
3;10;4;31;5;25;6;55;7;45;8;12;9;23;10;3;11;63;12;1
1;60;2;11;3;21;4;13;5;55;6;37;7;16;8;47;9;61;10;4;11;17;12;56
8;72;9;29;10;41;11;56;12;64
9;78;10;73;11;10;12;2
8;13;9;78;10;16;11;10;12;19
9;68;10;42;11;58;12;36
8;40;9;76;10;48;11;57;12;19
2;34;3;18;4;25;5;49;6;7;7;27;8;75;9;45;10;36;11;77;12;46
0;74;1;16;2;31;3;70;4;9;5;55;6;18;7;25;8;78;9;52;10;39;11;28;12;39
1;70;2;81;3;40;4;17;5;60;6;29;7;61;8;14;9;55;10;64;11;66;12;69
6;54;7;47;8;55;9;19;10;24;11;36;12;40
1;35;2;37;3;34;4;61;5;10;6;41;7;27;8;74;9;18;10;10;11;23;12;61
8;71;9;21;10;79;11;50;12;18
7;14;8;19;9;66;10;58;11;43;12;31
0;80;1;16;2;43;3;35;4;35;5;40;6;65;7;64;8;61;9;67;10;28;11;17;12;63
8;6;9;8;10;78;11;48;12;45
0;14;1;34;2;21;3;6;4;60;5;67;6;1;7;30;8;1;9;38;10;67;11;42;12;20
5;76;6;26;7;18;8;78;9;66;10;19;11;51;12;56
8;23;9;7;10;7;11;69;12;25
7;43;8;40;9;48;10;63;11;40;12;38
0;10;1;6;2;38;3;40;4;50;5;33;6;28;7;58;8;42;9;51;10;68;11;54;12;33
5;11;6;4;7;26;8;78;9;70;10;81;11;47;12;4
2;7;3;56;4;58;5;70;6;63;7;8;8;65;9;80;10;33;11;57;12;69
0;12;1;29;2;21;3;12;4;22;5;8;6;35;7;21;8;20;9;15;10;68;11;8;12;58
6;30;7;38;8;7;9;61;10;67;11;16;12;13
7;54;8;44;9;29;10;17;11;66;12;48
0;70;1;74;2;58;3;26;4;23;5;9;6;14;7;72;8;80;9;73;10;38;11;39;12;65
6;77;7;31;8;3;9;80;10;63;11;67;12;81
4;29;5;14;6;60;7;47;8;8;9;7;10;31;11;34;12;24
7;6;8;60;9;7;10;5;11;52;12;22
5;31;6;7;7;37;8;71;9;74;10;44;11;11;12;21
9;52;10;67;11;37;12;42
9;3;10;49;11;17;12;38
5;52;6;11;7;76;8;18;9;3;10;43;11;35;12;48
8;68;9;7;10;64;11;50;12;49
0;25;1;31;2;26;3;13;4;20;5;15;6;68;7;45;8;62;9;22;10;12;11;58;12;7
9;26;10;5;11;33;12;46
3;31;4;70;5;67;6;64;7;46;8;15;9;20;10;78;11;26;12;65
8;67;9;5;10;14;11;26;12;22
3;9;4;21;5;42;6;44;7;25;8;19;9;11;10;4;11;65;12;52
1;50;2;39;3;24;4;46;5;48;6;63;7;78;8;33;9;31;10;27;11;1;12;59
5;34;6;25;7;72;8;71;9;59;10;77;11;74;12;45
2;27;3;80;4;51;5;3;6;65;7;21;8;60;9;49;10;62;11;37;12;11
1;75;2;44;3;58;4;8;5;31;6;33;7;42;8;13;9;45;10;75;11;75;12;37
3;81;4;5;5;24;6;28;7;13;8;34;9;71;10;6;11;48;12;64
7;30;8;49;9;51;10;71;11;14;12;19
9;53;10;36;11;57;12;41
6;28;7;7;8;50;9;37;10;59;11;72;12;22
5;53;6;70;7;72;8;25;9;52;10;81;11;72;12;49
7;11;8;75;9;80;10;42;11;37;12;61
7;16;8;51;9;15;10;75;11;57;12;79
8;41;9;30;10;30;11;66;12;80
7;74;8;73;9;57;10;60;11;44;12;4
3;70;4;80;5;19;6;30;7;44;8;29;9;20;10;25;11;78;12;56
3;26;4;14;5;3;6;60;7;4;8;10;9;31;10;7;11;38;12;79
9;78;10;44;11;23;12;13
5;77;6;20;7;79;8;41;9;10;10;24;11;37;12;13
6;63;7;7;8;61;9;30;10;75;11;36;12;58
1;14;2;1;3;39;4;34;5;48;6;71;7;27;8;50;9;51;10;56;11;9;12;19
5;69;6;66;7;16;8;36;9;34;10;48;11;16;12;69
1;26;2;35;3;69;4;48;6;50;7;58;8;11;9;37;10;75;11;8;12;11
9;49;10;56;11;33;12;41
9;43;10;60;11;34;12;51
2;71;3;24;5;79;6;38;7;8;8;34;9;33;10;20;11;1;12;51
9;13;10;66;11;6;12;18
8;31;10;15;11;44;12;67
4;5;5;73;6;43;7;30;8;32;9;56;10;79;11;24;12;64
4;53;5;77;6;68;7;20;8;57;9;23;10;81;11;49;12;16
0;72;1;29;2;2;3;26;4;67;5;56;6;5;7;46;8;61;9;63;10;18;11;55;12;55
5;41;6;32;7;3;8;22;9;44;10;17;11;28;12;56
0;20;1;70;2;1;3;58;4;4;5;13;6;52;7;35;8;8;9;64;10;5;11;62;12;61
8;29;9;7;10;29;11;58;12;12
6;16;7;2;8;68;9;72;10;23;11;62;12;44
3;37;4;69;5;11;6;53;7;57;8;59;9;18;10;76;11;16;12;13
4;55;5;62;6;14;7;74;8;79;9;11;10;73;11;9;12;44
7;47;8;9;9;41;10;81;11;1;12;20
1;53;2;13;3;75;4;23;5;66;6;33;7;70;8;30;9;62;10;22;11;34;12;14
6;13;7;81;8;24;9;72;10;69;11;39;12;72
0;2;1;37;2;59;3;59;4;67;5;56;6;26;7;33;8;75;9;80;10;17;11;12;12;70
1;70;2;61;3;81;4;41;5;28;6;2;7;78;8;12;9;51;10;4;11;79;12;63
9;77;10;19;11;14;12;64
0;62;1;61;2;72;3;49;4;64;5;10;6;7;7;65;8;47;9;73;10;38;11;67;12;78
3;70;4;52;5;11;6;40;7;64;8;1;9;62;10;16;11;15;12;3
4;5;5;10;6;15;7;73;8;43;9;22;10;11;11;23;12;28
1;66;2;56;3;35;4;55;5;37;6;1;7;23;8;16;9;28;10;63;11;29;12;38
4;69;5;39;6;32;7;60;8;68;9;61;10;53;11;37;12;64
6;17;7;14;8;67;9;7;10;11;11;12;12;2
1;18;2;81;3;28;4;70;5;58;6;56;7;7;8;81;9;25;10;66;11;28;12;10
0;62;1;68;2;61;3;76;4;61;5;21;6;22;7;45;8;67;9;69;10;56;11;57;12;34
6;44;7;75;8;46;9;64;10;72;11;68;12;17
5;79;6;14;7;49;8;77;9;4;10;55;11;52;12;4
7;25;8;39;9;39;10;58;11;31;12;46
9;9;10;42;11;5;12;21
0;65;1;43;2;54;3;52;4;39;5;52;6;74;7;53;8;49;9;57;10;68;11;40;12;17
4;4;5;36;6;11;7;79;8;39;9;26;10;43;11;18;12;31
2;77;3;58;4;60;5;14;7;12;8;3;9;17;10;47;11;72;12;67
6;27;7;50;8;13;9;55;10;42;11;73;12;72
3;21;4;33;5;52;6;77;7;66;8;61;9;31;10;52;11;20;12;67
7;31;8;56;9;24;10;32;11;74;12;35
3;35;4;39;5;40;6;35;7;17;8;9;9;50;10;22;11;64
7;10;8;32;9;2;10;76;11;34;12;43
0;80;1;69;2;64;3;44;4;76;5;81;6;66;7;45;8;44;9;41;10;38;11;15;12;54
2;5;3;46;4;40;5;3;6;55;7;68;8;32;9;80;10;4;12;80
4;60;5;76;6;60;7;54;8;77;9;36;10;38;11;69;12;25
5;29;6;66;7;60;8;11;9;73;10;55;11;36;12;33
6;22;7;9;8;30;9;64;10;41;11;71;12;34
8;49;9;72;10;74;11;54;12;39
3;78;4;40;5;41;6;48;7;32;8;68;9;12;10;63;11;32;12;10
1;43;2;58;3;2;4;34;5;62;6;67;7;12;8;10;9;45;10;30;11;17;12;43
2;18;3;43;4;48;5;26;6;43;7;78;8;70;9;8;10;21;11;33;12;61
9;35;10;17;11;79;12;35
3;10;4;43;5;74;6;15;7;26;8;57;9;52;10;24;11;39;12;22
7;25;8;37;9;11;10;26;11;31;12;25
5;35;6;65;7;10;8;24;9;29;10;79;11;77;12;75
7;21;8;16;9;62;10;50;11;79
7;73;8;14;9;80;10;48;11;17;12;15
1;32;2;55;3;74;4;75;5;61;6;79;7;61;8;24;9;69;10;60;11;5;12;14
8;5;9;60;10;77;11;54;12;63
1;6;2;33;3;74;4;7;5;16;6;43;7;62;8;41;9;50;10;24;11;71;12;25
5;31;6;6;7;13;8;12;9;21;10;20;11;7;12;55
1;22;2;26;3;33;4;3;5;80;6;78;7;3;8;6;9;19;10;6;11;39;12;79
8;80;9;7;10;67;11;32;12;25
2;54;3;51;4;75;5;25;6;21;7;36;8;46;9;3;10;73;11;53;12;56
1;9;2;72;3;33;4;22;5;10;6;17;7;8;8;47;9;53;10;71;11;80;12;9
3;59;4;64;5;58;6;81;7;56;8;39;9;40;10;40;11;11;12;37
2;7;3;6;4;4;5;51;6;3;7;2;8;49;9;14;10;74;11;62
2;57;3;29;4;15;5;26;6;40;7;45;8;35;9;45;10;52;11;73;12;49
0;17;1;42;2;24;3;6;4;4;5;11;6;51;7;44;8;12;9;31;10;25;11;77;12;60
3;56;4;7;5;11;6;40;7;1;8;40;9;1;10;10;11;61;12;42
5;41;6;79;7;45;8;74;9;81;10;15;11;67;12;21
3;18;4;48;5;23;6;66;7;33;8;60;9;44;10;43;11;7;12;47
7;81;8;52;9;49;10;22;11;73;12;5
6;34;7;58;8;61;9;77;10;2;11;15;12;74
3;5;4;69;5;35;6;38;7;69;8;69;9;59;10;78;11;2;12;48
0;19;1;40;2;72;3;8;4;61;6;39;7;15;8;72;9;13;10;43;11;25;12;22
8;27;9;80;10;45;11;67;12;66
8;43;9;32;10;71;11;56;12;72
1;14;2;12;3;45;4;62;5;80;6;46;7;61;8;9;9;28;10;15;11;21;12;30
3;66;4;26;5;30;6;55;7;68;8;2;10;46;11;53;12;42
8;71;9;11;10;46;11;19;12;34
2;74;3;17;4;66;5;20;6;30;7;28;8;20;9;12;10;16;11;31;12;69
0;44;1;28;2;47;3;56;4;11;5;21;6;73;7;42;8;19;9;81;10;79;11;17;12;57
1;24;2;5;3;21;4;75;5;6;6;14;7;14;8;4;9;67;10;29;11;70;12;10
7;72;8;24;9;35;10;57;11;39;12;38
7;33;8;37;9;31;10;6;11;62;12;39
9;63;10;81;11;36;12;50
2;63;3;77;4;70;5;27;6;5;7;77;8;45;9;32;10;27;11;66;12;49
3;47;4;17;5;12;6;66;7;74;8;37;9;59;10;22;11;1;12;16
1;66;2;77;3;50;4;12;5;21;6;69;7;14;8;47;9;21;10;42;11;76;12;68
0;74;1;22;2;35;3;61;4;49;5;8;6;47;7;40;8;77;9;20;10;67;11;66;12;11
4;47;5;33;6;11;7;50;8;43;9;64;10;75;11;45;12;66
9;60;10;41;11;56;12;26
3;66;4;32;5;24;6;67;7;4;8;70;9;49;10;77;11;77;12;11
6;63;7;9;8;46;9;63;10;32;11;63;12;33
8;52;9;30;10;36;11;23;12;30
9;36;10;51;11;81;12;10
0;55;1;72;2;9;3;2;4;37;5;11;6;34;7;42;8;77;9;33;10;37;11;73;12;14
9;32;10;50;11;70;12;44
10;40;11;32;12;33
8;39;9;56;10;71;11;14;12;1
1;34;2;34;3;36;4;64;5;19;6;57;7;75;8;46;9;54;10;41;11;39;12;16
1;23;2;39;3;22;4;69;5;26;6;81;7;77;8;13;9;35;10;43;11;30;12;42
6;74;7;41;8;18;9;50;10;17;11;78;12;59
2;32;3;11;4;33;5;67;6;17;7;2;8;68;9;10;10;61;11;32;12;61
8;14;9;48;10;49;11;26;12;77
3;32;4;27;5;49;6;27;7;10;8;78;9;65;10;68;11;63;12;16
8;80;9;76;10;78;11;78;12;13
3;4;4;34;5;30;6;17;7;11;8;35;9;80;10;78;11;68;12;10
1;46;2;75;3;76;4;64;5;3;6;1;7;39;8;18;9;21;10;81;11;56;12;48
9;49;10;78;11;56;12;30
9;28;10;46;11;51;12;58
5;25;6;67;7;69;8;30;9;77;10;49;11;14;12;46
3;36;4;73;5;66;6;65;7;71;8;73;9;44;10;47;11;68;12;3
8;80;9;46;10;14;11;45;12;14
0;20;1;4;2;39;3;2;4;74;5;58;6;31;7;12;8;72;9;25;10;74;11;53;12;30
9;56;10;51;11;55;12;62
7;21;8;25;9;70;10;42;11;2;12;65
5;31;6;18;7;20;8;66;9;50;10;20;11;6;12;37
7;11;8;28;9;24;10;4;11;55;12;34
5;8;6;6;7;52;8;25;9;59;10;77;11;65;12;36
4;57;5;31;6;24;7;25;8;3;9;13;11;14;12;48
7;49;8;64;9;3;10;11;11;13;12;17
4;41;5;72;6;10;7;17;8;49;9;56;10;13;11;12;12;29
4;50;5;37;6;12;7;6;8;60;9;53;10;62;11;55;12;53
6;1;7;59;8;25;9;29;10;28;11;5;12;78
0;49;1;39;2;74;3;42;4;8;5;53;6;46;7;60;8;3;9;23;10;18;11;30;12;67
4;51;5;30;6;60;7;81;8;31;9;43;10;70;11;58;12;45
4;58;5;38;6;18;7;49;8;18;9;4;10;68;11;65;12;3
2;75;3;52;4;54;5;18;6;23;7;28;8;50;9;53;10;36;11;10;12;40
8;34;9;81;10;61;11;74;12;80
5;81;6;47;7;34;8;64;9;23;10;80;11;41;12;41
8;44;9;47;10;68;11;24;12;32
9;29;10;28;11;69;12;50
4;41;5;26;6;4;7;12;8;68;9;52;10;24;11;65
2;14;3;38;4;27;5;9;6;42;7;14;8;24;9;1;10;9;11;57;12;17
2;38;3;14;4;28;5;75;6;20;7;63;8;35;9;22;10;81;11;69;12;14
6;69;7;35;8;9;9;30;10;71;11;52;12;8
6;17;7;37;8;2;9;58;10;76;11;18;12;65
1;47;2;76;3;14;4;24;5;8;6;76;7;66;8;13;9;51;10;49;11;37;12;63
0;59;1;42;2;51;3;19;4;74;5;19;6;71;7;38;8;25;9;20;10;33;11;40;12;50
9;31;10;81;11;36;12;55
0;23;1;75;2;33;3;14;4;22;5;57;6;46;7;37;8;29;9;30;10;67;12;71
2;38;3;8;4;31;5;54;6;50;7;55;8;14;9;53;10;68;11;1
1;20;2;8;3;54;4;2;5;57;6;38;7;36;8;69;9;53;10;37;11;45;12;38
9;30;10;12;11;47;12;12
5;46;6;45;7;52;8;21;9;65;10;70;11;9;12;72
4;36;5;2;6;29;7;64;8;27;9;2;10;74;11;57;12;11
4;4;5;14;6;57;7;36;8;21;9;35;10;71;11;32;12;79
4;73;5;80;6;32;7;51;8;81;9;6;10;59;11;54
7;65;8;8;9;53;10;81;11;30;12;12
5;16;6;54;7;5;8;37;9;27;10;57;11;68;12;54
6;63;7;29;8;70;9;22;10;11;11;37;12;81
2;38;3;44;4;13;5;14;6;17;7;41;8;41;9;54;10;51;11;22;12;18
2;74;3;75;4;18;5;18;6;42;7;2;8;52;9;10;10;38;11;35;12;12
1;37;2;52;3;78;4;15;5;26;6;52;7;51;8;70;9;53;10;51;11;31;12;14
4;17;5;38;6;43;7;20;8;39;9;56;10;50;11;36;12;17
1;33;2;49;3;39;4;20;5;43;6;65;7;79;8;15;9;38;10;8;11;15;12;23
6;78;7;38;8;54;9;31;10;61;11;25;12;23
4;68;5;66;6;63;7;45;8;43;9;30;10;58;11;50;12;48
6;57;7;2;8;3;9;7;10;27;11;73;12;9
6;24;7;14;8;2;9;37;10;48;11;74;12;61
4;42;5;16;6;72;7;73;8;73;9;43;10;57;11;40;12;22
3;22;4;54;5;4;6;62;7;49;8;17;9;50;10;77;11;58;12;34
0;13;1;16;2;36;3;81;4;70;5;77;6;10;7;37;8;13;9;49;10;31;11;57;12;67
3;34;4;68;5;14;6;3;7;54;8;74;9;37;10;35;11;2;12;1
2;65;3;23;4;30;5;27;6;22;7;76;8;1;9;6;10;66;11;22;12;57
2;72;3;21;4;1;5;3;6;24;7;40;8;75;9;81;10;24;11;57;12;59
8;18;9;5;10;55;11;63;12;14
8;67;9;4;10;60;11;45;12;6
8;42;9;28;10;16;11;11;12;43
8;52;9;14;10;25;11;62;12;61
7;13;8;74;9;4;10;68;11;1;12;25
4;74;5;2;6;25;7;11;8;81;9;69;10;11;11;66;12;3
1;19;2;42;3;4;4;45;5;2;6;71;7;30;8;10;9;67;10;23;11;43;12;72
1;71;2;45;3;62;4;77;5;35;6;32;7;68;8;33;9;60;10;64;11;66;12;39
8;35;9;38;10;20;11;38;12;44
3;43;4;1;5;47;6;13;7;49;8;21;9;64;10;66;11;70;12;63
8;23;9;27;10;67;11;79;12;11
5;30;6;44;7;52;8;5;9;5;10;45;11;24;12;9
2;61;3;73;4;11;5;59;6;5;7;29;8;37;9;53;10;16;11;6;12;49
2;46;3;21;4;1;5;57;6;80;7;20;8;70;9;6;10;63;11;69;12;23
4;67;5;45;6;73;7;11;8;58;9;5;10;62;11;81;12;24
6;77;7;43;8;42;9;6;10;68;11;73;12;66
0;65;1;12;2;22;3;23;4;8;5;6;6;38;7;71;8;8;9;30;10;2;11;18;12;15
8;46;9;58;10;38;11;30
5;17;6;18;7;47;8;21;9;54;10;77;11;45;12;30
1;57;2;16;3;33;4;70;5;3;6;18;7;21;8;12;9;5;10;20;11;73;12;4
3;64;4;79;5;46;6;67;7;39;8;47;9;37;10;52;11;22;12;50
8;36;9;47;10;5;11;54;12;79
1;70;2;5;3;57;4;24;5;21;6;21;7;63;8;62;9;65;10;68;11;36;12;23
9;38;10;19;11;6;12;11
6;3;7;66;8;2;9;33;10;39;11;5;12;19
0;80;1;51;2;56;3;49;4;11;5;81;6;40;7;35;8;70;9;75;10;64;11;53;12;54
2;44;3;73;5;70;6;25;8;32;9;16;10;10;11;4;12;5
8;18;9;58;10;26;11;68;12;51
9;17;10;29;11;45;12;40
6;40;7;52;8;11;9;16;10;3;11;36;12;36
4;77;5;25;6;60;7;57;8;76;9;74;10;6;11;6;12;1
3;40;4;29;5;57;6;42;7;63;8;51;9;43;10;68;11;76;12;11
5;5;6;50;7;9;8;74;9;80;10;75;11;34;12;54
8;39;9;49;10;46;11;20;12;10
3;15;4;38;5;81;6;31;7;2;8;66;9;27;10;60;11;22;12;34
4;60;5;22;6;44;7;38;8;76;9;4;10;45;11;20;12;31
4;57;5;38;6;77;7;25;8;50;9;22;10;65;11;55;12;7
8;10;9;32;10;6;11;23;12;61
5;21;6;40;7;50;8;33;9;21;10;71;11;4;12;43
9;16;10;48;11;10
6;76;7;57;8;26;9;25;10;39;11;18;12;33
5;35;6;56;7;7;8;61;9;61;10;31;11;3;12;28
5;44;6;42;7;18;8;11;9;54;10;39;11;43;12;48
7;74;8;29;9;39;10;60;11;47;12;1
3;76;4;14;5;56;6;37;7;65;8;57;9;7;11;17;12;70
4;45;5;70;6;46;7;7;8;64;9;77;10;26;11;53;12;20
3;43;4;5;5;66;6;40;7;20;8;50;9;40;10;24;11;77;12;35
7;73;8;45;9;23;10;27;11;27;12;48
3;79;4;10;5;40;6;8;7;55;8;51;9;14;10;38;11;38;12;31
9;52;10;48;11;73;12;36
5;57;6;60;7;46;8;60;9;21;10;46;11;67;12;80
2;27;3;9;4;29;5;68;6;30;7;47;8;21;9;11;10;60;11;2;12;33
6;71;7;6;8;8;9;17;10;9;11;78;12;42
9;52;10;38;11;41;12;26
9;73;10;30;11;35;12;21
0;20;1;61;2;74;3;46;4;58;5;27;6;68;7;52;8;51;9;69;10;34;11;33;12;73
3;75;4;51;5;64;6;48;7;38;8;39;9;16;10;46;11;18;12;47
0;55;1;35;2;65;3;17;4;36;5;1;6;31;7;69;8;57;9;73;10;34;11;33;12;67
5;14;6;8;7;21;8;13;9;60;10;61;11;48;12;75
5;76;6;80;7;18;8;37;9;26;10;62;11;54;12;63
5;47;6;68;7;39;8;61;9;7;10;35;11;79;12;46
1;67;2;49;3;42;4;23;5;42;6;32;7;25;8;39;9;22;10;45;11;53;12;12
4;49;6;3;7;12;8;31;9;38;10;3;11;7;12;20
8;5;9;80;10;61;11;33;12;39
8;39;9;27;10;25;11;42;12;43
4;29;5;32;6;25;7;73;8;31;9;41;10;26;11;14;12;77
3;7;4;55;5;4;6;35;7;81;8;10;9;74;10;41;11;32;12;74
2;52;3;11;4;7;5;52;6;62;7;73;8;5;9;78;10;49;11;2;12;7
8;25;9;64;10;16;11;73;12;26
4;10;5;36;6;26;7;4;8;18;9;81;10;7;11;37;12;75
1;16;2;50;3;33;4;56;5;54;6;66;7;29;8;79;9;78;10;81;11;38;12;17
0;25;1;79;2;78;3;23;4;36;5;5;6;1;7;42;8;53;9;32;10;50;11;72;12;48
9;58;10;72;12;47
7;68;8;24;9;41;10;61;11;75;12;64
0;33;1;24;2;47;3;64;4;31;5;76;6;38;7;52;8;31;9;48;10;13;11;62;12;51
0;61;1;14;2;11;3;21;4;75;5;57;6;75;7;7;8;67;9;1;10;13;11;70;12;20
1;77;2;12;3;40;4;23;5;41;6;42;7;1;8;27;9;78;10;75;12;55
1;32;2;5;3;40;4;77;5;2;6;70;7;20;8;46;9;71;10;15;11;27;12;48
1;56;2;22;3;40;4;62;5;2;6;53;7;10;8;34;9;5;10;41;11;42;12;63
5;71;6;57;7;38;8;43;9;22;10;43;11;51;12;19
6;71;7;16;8;27;9;9;10;8;11;60;12;14
0;52;1;38;2;47;3;65;4;75;5;34;6;34;7;24;8;34;9;2;10;80;11;33;12;70
0;53;1;14;2;34;3;80;4;11;5;24;6;41;7;20;8;71;9;38;10;73;11;70;12;11
9;36;10;2;11;5;12;81
6;2;7;11;8;50;9;18;10;34;11;25;12;75
7;14;8;62;9;8;10;60;11;22;12;69
4;55;5;63;6;60;7;11;8;16;9;59;10;7;11;75
4;74;5;22;6;71;7;41;8;28;9;16;10;79;11;28;12;73
9;2;10;54;11;46;12;1
0;15;1;68;2;25;3;53;4;57;5;66;6;19;7;42;8;16;9;80;10;80;11;38;12;48
8;49;9;2;10;24;11;59;12;48
6;81;7;70;8;51;9;44;10;47;11;20;12;1
5;59;6;42;7;37;8;81;9;5;10;66;11;61;12;1
6;10;7;23;8;67;9;35;10;27;11;24;12;4
3;32;4;62;5;42;6;2;7;68;8;25;9;69;10;44;11;74
6;15;7;30;8;45;9;15;10;59;11;42;12;15
4;41;5;70;6;58;7;62;8;74;9;45;10;42;11;61;12;64
8;81;9;4;10;76;11;55;12;38
6;25;7;70;8;63;9;76;10;68;11;77;12;32
1;15;2;34;3;44;4;21;5;42;6;19;7;15;8;7;9;41;10;81;11;68;12;14
6;44;7;5;8;8;9;68;10;53;11;41;12;76
5;15;6;49;7;79;8;73;9;65;11;14;12;12
1;54;2;64;3;36;4;25;5;3;6;62;7;55;8;61;9;69;10;60;11;30;12;75
9;48;10;42;11;39;12;9
7;48;8;71;9;36;10;19;11;19;12;45
1;65;2;2;3;14;4;3;5;35;7;10;8;41;9;24;10;18;11;18;12;45
2;62;3;14;4;30;5;57;6;12;7;74;8;68;9;67;10;32;11;54;12;1
10;5;11;63;12;62
1;9;2;79;3;50;4;64;5;74;6;5;7;42;8;56;9;17;10;16;11;13;12;6
7;9;8;35;9;72;10;9;11;49;12;62
9;38;10;61;11;12;12;67
3;47;4;7;5;70;6;4;7;65;8;9;9;52;10;19;11;56;12;31
6;39;7;80;8;15;9;34;10;48;11;70;12;13
9;76;10;25;11;19;12;17
9;74;10;28;11;81;12;21
5;7;6;28;7;34;8;77;9;78;10;29;11;61;12;21
2;40;3;28;4;13;5;31;6;51;7;65;8;76;9;38;10;66;11;52;12;49
7;17;8;9;9;10;10;19;11;51;12;20
5;68;6;21;7;50;8;40;9;68;10;2;11;37;12;58
1;2;2;49;3;50;4;60;5;8;7;17;8;25;9;11;10;24;11;16;12;52
7;8;8;5;9;17;10;22;11;38;12;17
8;57;9;81;10;71;11;60;12;71
6;81;7;64;8;5;9;37;10;80;11;66;12;41
0;52;1;77;2;6;3;78;4;68;5;41;6;66;7;76;9;10;10;7;11;3;12;50
2;16;3;69;4;81;5;3;6;71;7;53;8;34;9;36;10;40;11;61;12;17
6;81;7;14;8;68;9;58;10;68;11;65;12;26
3;19;4;33;5;28;6;13;7;63;8;70;9;5;10;17;11;40;12;69
2;79;3;3;4;23;5;38;6;71;7;67;8;58;9;13;10;8;11;64;12;44
8;13;9;59;10;12;11;43;12;30
4;29;5;8;6;51;7;25;8;64;9;16;10;38;11;21;12;58
3;55;4;42;5;71;6;19;7;15;8;61;9;20;10;81;11;70;12;28
0;51;1;53;2;54;3;55;4;72;5;64;6;49;7;7;8;55;9;17;10;30;11;67;12;29
1;48;2;80;3;46;4;14;5;12;6;67;7;58;8;81;9;70;10;48;11;8;12;36
2;24;3;22;4;43;5;28;6;53;7;51;8;43;9;47;10;45;11;50;12;24
2;50;3;19;4;61;5;20;6;72;7;36;8;21;9;16;10;44;11;39
9;2;10;38;11;22;12;77
1;31;2;26;3;38;4;42;5;29;6;50;7;2;8;26;9;39;10;34;11;73;12;9
2;31;3;14;4;25;5;37;6;55;7;62;8;1;9;69;10;41;11;74;12;5
1;57;2;26;3;32;4;43;5;54;6;40;7;74;8;8;9;37;10;81;11;9;12;14
5;59;6;1;7;1;8;48;9;47;10;28;11;35;12;39
2;79;3;69;4;22;5;67;6;5;7;9;8;73;9;15;10;7;11;54;12;55
1;60;2;29;3;71;4;48;5;66;6;76;7;5;8;35;9;40;10;80;11;70;12;11
1;28;2;22;3;62;4;27;5;38;6;67;7;48;8;76;9;76;10;59;11;52;12;60
0;39;1;64;2;35;3;31;4;66;5;22;6;45;7;56;8;62;9;23;10;78;11;70;12;60
1;54;2;68;3;55;4;10;5;74;6;27;7;25;8;34;9;64;10;5;11;11;12;34
4;45;5;25;6;24;7;77;8;80;9;4;10;64;11;20;12;27
3;51;4;46;5;39;6;71;7;1;8;17;9;15;10;73;11;2;12;80
5;19;6;37;7;49;8;70;9;23;10;1;11;42;12;55
0;4;1;14;2;60;3;23;4;59;5;14;6;80;7;27;8;36;9;81;10;59;11;15;12;74
7;18;8;12;9;70;10;21;11;7;12;30
2;79;3;61;4;24;5;38;6;80;7;72;8;81;9;16;10;81;11;10;12;67
8;67;9;43;10;32;11;62;12;12
7;78;8;27;9;42;10;51;11;5;12;50
7;78;8;81;9;11;10;31;11;8;12;12
9;23;10;37;11;32;12;38
7;46;8;50;9;30;10;17;11;40;12;71
8;64;9;31;10;30;11;73;12;74
1;64;2;38;3;50;4;8;5;25;6;71;7;52;8;64;9;78;10;74;11;42;12;61
3;30;4;1;5;1;6;32;7;44;8;56;9;13;10;53;11;8;12;5
2;20;3;60;4;43;6;13;7;24;8;68;9;63;10;33;11;2;12;27
4;55;5;7;6;19;7;45;8;64;9;23;10;26;11;33;12;29
3;70;4;33;5;33;6;51;7;56;8;49;9;58;10;32;11;50;12;28
2;2;3;70;4;11;5;70;6;76;7;12;8;19;9;20;10;26;11;76;12;32
7;25;8;70;9;26;10;28;11;54;12;76
8;40;9;26;10;17;11;19;12;31
6;77;7;26;8;39;9;22;10;67;11;47;12;19
6;60;8;36;9;74;10;10;11;73;12;30
6;36;7;58;8;20;9;17;10;59;11;18;12;20
6;45;7;45;8;67;9;13;10;44;11;59;12;6
5;69;6;4;7;35;8;69;9;78;10;53;11;52;12;69
3;44;4;34;5;50;6;65;7;49;8;12;9;35;10;21;11;50;12;58
6;9;7;11;8;9;9;1;11;54;12;79
0;1;1;79;2;75;3;76;4;11;5;27;6;79;7;26;8;8;9;39;10;22;11;62;12;81
5;15;6;66;7;77;8;55;9;12;10;77;11;4;12;75
2;56;3;13;4;67;5;16;6;29;7;24;8;76;9;51;10;58;11;36;12;21
8;19;9;22;10;5;11;74;12;56
8;49;9;30;10;38;11;73;12;76
9;74;10;6;11;15;12;27
9;54;10;43;11;1;12;6
7;19;8;49;9;23;10;49;12;52
6;1;7;67;8;47;9;62;10;58;11;76;12;52
2;38;3;42;4;3;5;48;6;79;7;49;8;21;9;24;10;67;11;24;12;77
5;27;6;11;7;73;8;70;9;34;10;64;11;73;12;7
7;25;8;33;9;16;10;51;11;34;12;63
0;61;1;78;2;70;3;78;4;10;5;54;6;67;7;71;8;67;9;2;10;52;11;35;12;76
5;51;6;5;7;15;8;4;9;6;10;64;11;49;12;65
4;34;5;73;6;74;7;4;8;4;9;81;10;74;11;21;12;50
3;18;4;23;5;49;6;80;7;19;8;68;9;30;10;9;11;26;12;12
2;59;3;50;4;55;5;81;6;32;7;63;8;78;9;6;10;42;11;16;12;67
6;76;7;37;8;77;9;4;10;22;11;80;12;67
3;78;4;58;5;69;6;78;7;23;8;38;9;58;10;68;11;71;12;36
1;30;2;32;3;17;4;70;5;47;6;54;7;50;8;76;9;50;10;61;11;51;12;81
6;68;7;52;8;57;10;56;11;1;12;42
7;52;8;59;9;63;10;66;11;38;12;13
5;63;6;29;7;41;8;8;9;6;10;65;11;20;12;24
9;78;10;13;11;40;12;11
6;67;7;72;8;21;9;46;10;28;11;57;12;58
7;51;8;2;9;16;10;21;11;80;12;12
4;37;5;19;6;63;7;15;8;34;9;13;10;72;11;81;12;26
7;36;8;50;9;15;10;53;11;25;12;59
8;59;9;67;10;8;11;19;12;54
1;64;2;72;3;15;4;73;5;61;6;60;7;51;8;30;9;44;10;33;11;65;12;34
8;8;9;71;10;51;11;35;12;36
9;73;10;78;11;67;12;26
9;13;10;47;11;12;12;18
9;5;10;23;11;38;12;4
0;2;1;71;2;70;3;16;4;45;5;9;6;1;7;23;8;24;9;36;10;21;11;50;12;29
3;57;4;58;5;23;6;77;7;71;8;40;9;13;10;30;11;58;12;66
5;81;6;77;8;57;9;42;10;65;11;74;12;21
7;45;8;65;9;6;10;19;11;75;12;50
4;26;5;38;6;48;7;74;8;62;9;45;10;9;11;26;12;3
4;62;5;54;6;27;7;55;8;58;9;77;10;9;11;74;12;7
0;61;1;9;2;7;3;24;4;66;5;79;6;54;7;71;8;9;9;2;10;73;11;50;12;64
7;66;8;20;9;28;10;38;11;31;12;74
6;31;7;77;8;29;9;31;10;48;11;57;12;8
0;47;1;37;2;64;3;14;4;78;5;62;7;70;8;14;9;42;10;33;11;24
9;67;10;63;11;23;12;10
0;31;1;61;2;28;3;60;4;29;5;2;6;76;8;62;9;81;10;57;11;44;12;1
3;52;4;40;5;53;6;20;7;38;8;70;9;32;10;65;11;34;12;21
8;28;9;33;10;36;11;24;12;14
8;18;9;4;10;23;11;37;12;21
9;32;10;60;11;73;12;57
2;30;3;7;4;39;5;61;6;57;7;70;8;37;9;66;10;15;11;53;12;2
9;4;10;8;11;49;12;64
2;71;3;7;4;35;5;47;6;69;7;53;8;63;9;38;10;25;11;9;12;66
0;68;1;41;2;78;3;39;4;79;5;9;6;79;7;45;8;48;9;32;10;41;11;81;12;10
8;35;9;31;10;63;11;64;12;2
2;48;3;50;4;64;5;62;6;61;7;26;8;23;9;15;10;27;11;79;12;46
4;22;5;29;6;42;7;23;8;76;9;60;10;38;11;6;12;73
6;31;7;78;8;22;9;18;10;49;11;40;12;10
6;41;7;41;8;16;9;9;10;62;11;41;12;61
6;15;7;51;8;49;9;75;10;23;11;53;12;27
4;23;5;30;6;15;7;53;8;80;9;66;10;18;11;17;12;9
0;37;1;8;2;49;3;60;4;11;5;16;6;67;7;26;8;15;9;15;10;28;11;17;12;26
2;46;4;71;5;9;6;16;7;35;8;55;9;20;10;14;11;21;12;7
0;42;1;68;2;43;3;47;4;75;5;24;6;12;7;58;8;1;9;46;10;39;11;31;12;6
0;52;1;17;2;51;3;25;4;80;5;76;6;23;7;44;8;71;9;54;10;43;11;46;12;76
0;10;1;2;2;23;3;69;4;35;5;44;6;7;7;42;8;57;9;37;10;61;12;4
6;70;7;48;8;56;9;50;10;2;11;71;12;46
0;20;1;62;2;76;3;52;4;20;5;63;6;27;7;32;8;8;9;37;10;22;11;46;12;67
1;79;2;9;3;52;4;75;5;81;6;53;7;61;8;42;9;71;10;10;11;13;12;60
2;17;3;61;4;78;5;69;6;42;7;33;8;70;9;40;10;54;11;9;12;1
8;14;9;44;10;61;11;39;12;55
6;81;7;39;9;20;10;36;11;24;12;68
3;80;4;68;5;56;6;73;7;25;8;4;9;26;10;12;11;65;12;57
6;73;7;80;8;45;9;80;10;10;11;34;12;48
8;34;9;56;10;33;11;29;12;31
9;66;10;42;12;50
4;71;5;48;6;69;7;48;8;1;9;11;10;68;11;55;12;54
6;69;7;20;8;37;9;41;10;17;11;24;12;7
5;19;6;60;7;64;8;33;9;52;10;31;11;63;12;17
7;74;8;47;9;68;10;36;11;10;12;56
3;49;4;37;5;25;6;66;7;44;8;25;9;61;10;74;11;15;12;33
3;65;4;15;5;80;6;28;7;49;8;34;9;75;10;7;11;49;12;58
8;4;9;9;10;58;11;32;12;22
3;26;4;16;5;78;6;54;8;54;9;22;10;67;11;9;12;24
7;65;8;67;9;29;10;37;11;7;12;1
8;18;9;61;10;24;11;69;12;56
1;41;2;65;3;6;4;24;5;38;6;14;7;20;8;9;9;66;10;73;11;81;12;77
3;72;4;80;5;74;6;73;7;63;8;37;9;48;10;15;11;19;12;78
1;81;2;21;3;79;4;35;5;75;6;45;7;65;8;32;9;2;10;58;11;55;12;19
2;25;3;46;4;74;5;61;6;16;7;25;8;75;9;59;10;12;11;33;12;44
8;71;9;34;10;44;11;15;12;48
0;61;1;58;2;30;3;68;4;49;5;79;6;53;7;17;8;38;9;13;10;22;11;16;12;21
6;41;7;34;8;44;9;53;10;33;11;16;12;74
7;72;8;68;9;34;10;80;11;7;12;63
0;41;1;69;2;54;3;36;4;22;5;67;6;6;7;67;8;69;9;75;10;75;11;19;12;60
0;41;1;2;2;13;3;61;4;75;5;67;6;27;7;51;8;79;9;47;10;76;11;68;12;25
7;72;8;14;9;46;10;3;11;70;12;7
4;73;5;60;6;32;7;79;8;49;9;2;10;19;11;44;12;23
2;37;3;20;4;64;5;34;6;10;7;57;8;54;9;44;10;8;11;71;12;56
4;76;5;72;6;37;7;74;8;27;9;58;10;54;11;75;12;14
6;44;7;14;8;29;9;62;10;59;11;36;12;31
8;58;9;28;10;13;11;20;12;56
3;33;4;59;5;60;6;59;7;45;8;30;9;37;10;73;11;21;12;33
1;53;2;76;3;36;4;77;5;2;6;8;7;44;8;15;9;41;10;42;11;45;12;29
0;80;1;22;2;26;3;48;4;51;5;73;6;46;7;47;8;7;9;40;10;34;11;62;12;29
1;9;2;79;3;65;4;63;5;4;6;20;7;56;8;15;9;33;10;4;11;56;12;4
9;15;10;34;11;19;12;22
2;52;3;55;4;22;5;51;6;28;7;51;8;76;9;57;10;81;11;2;12;18
4;24;5;65;6;20;7;18;8;46;9;31;10;12;11;35;12;37
0;77;1;81;2;56;3;37;4;71;5;14;6;45;7;20;8;51;9;55;10;44;11;49;12;36
3;23;4;57;5;31;6;16;7;58;8;63;9;34;10;54;11;26;12;57
8;42;9;81;10;21;11;72;12;19
7;39;8;11;9;35;10;76;11;9;12;81
5;26;6;29;7;27;8;18;9;65;10;56;11;36;12;9
4;59;5;34;6;71;7;32;8;18;9;31;10;5;11;64;12;19
7;22;8;52;9;55;10;1;11;75;12;7
7;4;8;13;9;15;10;47;11;78;12;53
2;61;3;18;4;49;5;10;6;51;7;26;8;24;9;43;10;19;11;70;12;72
6;14;7;80;8;36;9;76;10;69;11;53;12;33
4;14;5;57;6;20;7;60;8;18;9;63;10;68;11;19;12;32
5;26;6;57;7;74;8;40;9;39;10;39;11;72;12;41
6;42;7;72;8;24;9;35;10;11;11;36;12;50
0;34;1;69;2;49;3;9;4;14;5;71;6;54;7;26;8;4;9;40;10;80;11;5;12;10
8;62;9;71;10;59;11;51;12;45
5;55;6;28;7;76;8;2;9;63;10;43;11;59;12;11
0;29;1;79;2;56;3;60;4;12;5;8;6;43;7;28;8;14;9;3;10;11;11;17;12;15
2;46;3;17;4;66;5;60;6;50;7;31;8;36;9;54;10;60;11;78;12;4
4;69;5;46;6;62;7;55;8;19;9;56;10;21;11;56;12;5
0;79;1;58;2;47;3;70;4;45;5;25;6;53;7;70;8;63;9;32;10;51;11;18;12;3
9;7;10;68;11;35;12;51
3;3;4;12;5;18;6;45;7;39;8;31;9;13;10;45;11;69;12;35
7;31;8;47;9;46;10;34;11;64;12;28
8;39;9;28;10;35;11;28;12;54
1;60;2;77;3;35;4;3;5;8;6;64;7;3;8;70;9;8;10;16;11;49;12;21
2;61;3;58;4;6;5;63;6;66;7;65;8;29;9;13;10;69;11;48;12;1
6;13;7;69;8;54;9;71;10;50;12;70
1;19;2;22;3;33;4;37;5;42;6;73;7;57;8;54;9;51;10;60;11;66;12;11
2;26;3;60;4;72;5;24;6;60;7;50;8;52;9;74;10;35;11;69;12;62
8;54;9;45;10;8;11;69;12;59
1;1;2;13;3;45;4;20;5;43;6;6;7;10;8;5;9;15;10;9;11;35;12;70
9;65;10;3;11;33;12;31
0;57;1;15;2;58;3;7;4;15;5;51;6;21;7;77;8;58;9;68;10;79;11;48;12;76
0;20;1;40;2;66;3;73;4;1;5;61;6;41;7;1;8;62;9;40;10;22;11;44;12;71
1;5;2;61;3;6;4;64;5;25;6;23;7;48;8;26;9;54;10;39;11;12;12;75
0;64;1;67;2;80;3;22;4;64;5;65;6;13;7;80;8;13;9;74;10;30;11;38;12;60
7;60;8;68;9;1;10;79;11;5;12;54
9;5;10;71;11;68;12;20
0;9;1;60;2;43;3;15;5;26;6;80;7;14;8;53;9;34;10;46;11;40;12;66
7;46;8;44;9;51;10;50;11;63;12;8
7;64;8;35;9;47;10;41;11;56;12;17
4;4;5;49;6;3;7;66;8;29;9;1;10;31;11;7;12;68
6;30;7;48;8;48;9;4;10;61;11;48;12;54
6;13;7;79;8;30;9;74;10;45;11;14;12;20
1;61;2;35;3;25;4;50;5;37;6;81;7;59;8;24;9;33;10;19;11;59;12;23
7;63;8;17;9;35;10;19;11;4;12;73
0;70;1;2;2;75;3;62;4;38;5;10;6;70;7;55;8;1;9;9;10;64;11;65;12;49
4;2;5;37;6;10;7;7;8;33;9;77;10;28;12;5
7;45;8;42;9;80;10;15;11;81;12;6
6;46;7;49;8;39;9;62;10;38;11;35;12;73
8;37;9;37;10;9;11;60;12;6
5;55;6;12;7;15;8;81;9;6;10;75;11;21;12;69
8;58;9;40;10;19;11;3;12;17
6;58;7;59;8;9;9;47;10;28;11;16;12;28
4;35;5;28;6;33;7;60;8;80;9;50;10;48;11;9;12;74
1;63;2;24;3;44;4;24;5;80;6;38;7;42;8;60;9;70;10;12;11;75;12;65
6;5;7;45;8;58;9;66;10;15;11;37;12;1
0;36;1;23;2;41;3;48;4;9;5;11;6;80;7;17;8;69;9;50;11;76;12;20
1;36;2;55;3;7;4;51;5;11;6;39;7;70;8;38;9;31;10;20;11;45;12;46
8;52;9;20;10;47;11;77;12;23
8;4;9;50;10;31;11;37;12;70
1;25;2;58;3;8;4;36;5;38;6;18;7;2;8;20;9;79;10;66;11;11;12;20
6;60;7;57;8;2;9;71;10;14;11;9;12;16
3;11;4;16;5;81;6;24;7;65;8;24;9;10;12;80
0;30;1;57;2;78;3;48;4;80;5;20;6;29;7;28;8;46;9;33;10;19;11;36;12;79
9;49;10;63;11;22;12;14
0;23;1;7;2;28;3;25;4;77;5;45;6;1;7;67;8;27;9;47;10;63;11;36;12;31
9;3;10;47;11;65;12;78
0;80;1;39;2;43;3;81;4;53;5;49;6;62;7;4;8;24;9;46;10;25;11;13;12;14
5;24;6;39;7;43;9;19;10;48;11;45;12;63
9;51;10;20;11;81;12;53
6;50;7;55;8;53;9;25;10;80;11;21;12;65
3;42;4;4;5;42;6;24;7;51;8;54;9;67;10;72;11;2;12;28
1;19;2;64;3;10;4;35;5;81;6;36;7;17;8;71;9;8;10;72;11;44;12;38
9;7;10;65;11;80;12;3
4;15;5;51;6;1;7;59;8;44;9;23;10;49;11;73;12;15
2;80;3;16;4;26;5;56;6;76;7;28;8;49;9;78;10;14;11;78;12;56
1;64;2;64;3;17;4;10;5;48;6;35;7;41;8;9;9;77;10;8;11;69;12;70
5;19;6;65;7;18;8;50;9;64;11;22;12;57
4;41;5;58;6;67;7;55;8;4;9;7;10;27;11;74;12;2
4;61;5;43;6;30;7;20;8;38;9;34;10;20;11;71;12;42
3;41;4;13;5;52;6;36;7;21;8;46;9;28;10;53;11;61;12;36
6;62;7;43;8;52;9;16;10;31;11;67;12;44
3;33;4;23;5;66;6;2;7;40;8;47;9;71;10;60;11;52;12;14
4;60;5;3;6;1;7;54;8;9;9;53;10;35;11;33;12;13
4;42;5;81;6;62;7;75;8;8;9;78;10;52;11;24;12;11
9;9;10;63;11;28;12;24
7;37;8;80;9;13;10;24;11;47;12;79
0;37;1;7;2;54;3;71;4;43;5;34;6;5;7;50;8;1;9;78;10;2;11;57;12;73
5;61;6;33;7;73;8;45;9;56;11;56;12;49
3;81;4;67;5;25;6;66;7;50;8;65;9;4;10;62;11;66;12;60
8;8;9;60;10;5;11;45;12;42
9;10;10;23;11;45;12;26
5;65;6;17;7;44;8;56;9;65;10;7;11;70;12;2
8;12;9;79;10;51;11;36;12;35
5;37;6;43;7;81;8;65;9;28;10;61;11;14;12;36
3;75;4;49;5;39;6;7;7;1;8;15;9;80;10;73;11;6;12;16
8;79;9;55;10;48;11;23;12;47
2;75;3;20;4;74;5;43;6;14;7;1;8;11;9;5;10;60;11;66;12;25
7;38;9;80;10;72;11;6;12;65
2;38;3;61;4;48;5;71;6;22;7;19;8;70;9;55;10;80;11;21;12;24
4;71;5;23;6;4;7;57;8;16;9;48;10;54;11;29;12;44
2;58;3;70;4;48;5;47;6;16;7;69;9;56;11;54;12;69
2;16;3;39;4;79;5;34;6;62;7;81;8;63;9;46;10;16;11;73;12;70
5;14;6;58;7;38;8;78;9;70;10;53;11;49;12;27
0;15;1;77;2;69;3;69;4;51;5;81;6;17;7;38;8;76;9;56;10;51;11;38;12;41
3;34;4;52;5;18;6;43;7;26;8;15;9;66;10;56;11;72;12;11
5;32;6;2;7;70;8;30;9;10;10;23;11;67
5;53;6;75;7;81;8;9;9;53;10;10;11;72;12;65
6;10;7;13;8;57;9;47;10;3;11;15;12;29
9;7;10;10;11;24;12;38
2;48;3;20;4;35;5;5;6;30;7;56;8;32;9;46;10;73;11;6;12;18
3;27;4;34;5;31;6;61;7;6;8;58;9;60;10;73;11;62;12;69
8;18;9;21;10;63;11;17;12;3
3;81;4;61;5;9;6;59;7;75;8;25;9;67;10;9;11;42;12;27
6;33;7;36;8;57;9;76;10;6;11;71;12;23
3;9;4;41;5;59;6;41;7;20;8;31;9;70;10;16;11;72;12;80
8;35;9;39;10;34;11;33;12;80
3;57;4;53;5;2;6;72;7;22;8;10;9;49;10;80;11;18;12;16
9;12;10;31;11;29;12;15
2;12;3;5;4;16;5;31;6;41;7;5;8;40;9;28;10;31;11;63;12;59
2;1;3;61;4;64;5;64;6;16;7;10;8;15;9;8;10;52;11;78;12;64
9;81;10;58;11;78;12;71
2;29;3;50;4;63;5;63;6;7;7;29;8;12;9;3;10;4;11;40;12;22
2;52;3;47;4;30;5;27;6;14;7;32;8;56;9;13;10;49;11;39;12;37
0;70;1;38;2;12;3;62;4;55;5;39;6;40;7;68;8;30;9;69;10;19;11;2;12;25
4;65;5;54;6;5;7;69;8;69;9;41;10;37;11;76;12;40
2;48;3;33;4;8;5;35;6;54;7;41;8;33;9;30;10;78;11;54;12;55
9;73;10;15;11;14;12;67
3;45;4;61;5;78;6;43;7;46;8;49;9;60;10;57;11;40;12;19
4;71;5;62;6;71;7;66;8;43;9;7;10;56;11;65;12;45
0;80;1;22;2;25;3;45;4;17;5;27;6;22;7;24;8;59;9;77;11;33;12;10
9;69;10;54;11;18;12;41
6;16;7;57;8;47;9;72;10;31;11;56;12;55
7;22;8;3;9;26;10;51;11;42;12;8
7;76;8;68;9;43;10;2;11;11;12;48
8;2;9;4;11;27;12;39
4;2;5;69;6;30;7;56;8;80;9;31;10;43;11;5;12;56
4;43;5;71;6;60;7;65;8;21;9;68;10;27;11;6;12;11
6;67;7;31;8;69;9;68;10;61;11;52;12;39
6;77;7;62;8;67;9;66;10;76;11;9;12;11
1;40;2;58;4;75;5;75;6;15;7;45;8;61;9;75;10;29;11;41;12;68
1;17;2;17;3;70;4;3;5;13;6;29;7;65;8;41;9;34;10;38;11;80;12;77
6;73;7;12;8;60;9;59;10;69;11;21;12;52
1;37;2;31;3;28;4;57;5;57;6;75;7;72;8;5;9;46;10;51;11;37;12;2
0;25;1;59;2;5;3;42;4;4;5;20;6;69;7;41;8;29;9;10;10;58;11;69;12;29
8;53;9;69;10;4;11;67;12;67
3;47;4;74;5;10;6;52;7;81;8;67;9;16;10;72;11;61;12;33
0;21;1;73;2;6;3;59;4;63;5;18;6;18;7;47;8;32;9;42;10;76;11;30;12;53
4;51;5;43;6;18;7;4;8;10;9;50;10;15;11;74;12;53
3;66;4;29;5;79;6;50;7;41;8;73;9;57;10;80;11;7;12;2
8;40;9;13;10;28;11;17;12;54
9;12;10;59;11;52;12;42
7;65;8;65;9;79;10;29;12;23
5;55;6;8;7;54;8;26;9;47;10;16;11;39;12;15
6;38;7;13;8;43;9;50;10;27;11;34;12;49
2;35;3;58;4;59;5;24;6;21;7;47;8;44;9;12;10;76;11;38;12;12
0;49;1;12;2;5;3;46;4;63;5;42;6;62;7;20;8;25;9;51;10;49;11;41;12;32
5;61;6;57;7;73;8;71;9;35;10;40;11;39;12;17
0;41;1;21;2;64;4;24;5;1;6;44;7;24;8;15;9;47;10;9;11;3;12;45
1;14;2;23;4;28;5;38;6;39;7;70;8;74;9;18;10;3;11;8;12;32
5;49;6;79;7;1;8;1;9;45;10;63;11;42;12;74
2;39;3;30;4;24;5;57;6;30;7;71;8;35;9;11;10;50;11;44;12;79
8;50;9;49;10;23;11;15;12;57
5;70;6;59;7;25;8;28;9;60;10;7;11;76;12;22
9;26;10;39;11;36;12;22
4;51;5;31;6;8;7;77;8;15;9;81;10;33;11;25;12;44
5;24;6;9;7;21;8;50;9;70;10;36;11;48;12;66
9;75;10;34;11;47;12;74
0;10;1;59;2;8;3;40;4;8;5;24;6;48;7;76;8;66;9;33;10;35;11;36;12;17
4;22;5;4;6;26;7;3;8;13;9;68;10;48;11;19;12;55
5;79;6;63;7;76;8;74;9;56;10;45;11;8;12;36
1;13;3;63;4;72;5;34;6;14;7;30;8;65;9;3;10;69;11;65;12;35
4;25;5;79;6;40;7;52;8;11;9;41;10;42;11;25;12;63
7;56;8;49;9;50;10;48;11;30;12;34
0;66;1;25;2;19;3;57;4;72;5;57;6;39;7;55;9;73;10;21;11;67;12;67
2;51;3;26;4;31;5;81;6;22;7;61;8;45;9;80;10;5;11;6;12;20
2;38;3;71;4;43;5;70;6;79;7;23;8;18;9;72;10;7;11;63;12;11
9;45;10;49;11;47;12;76
2;33;3;30;4;45;5;72;6;5;7;55;8;72;9;8;10;54;11;27;12;63
1;78;2;67;3;31;4;55;5;71;6;8;7;70;8;42;9;23;10;68;11;16;12;65
1;11;2;78;3;47;4;12;5;32;6;54;7;65;8;1;9;15;10;68;11;57;12;71
6;81;7;65;8;41;9;16;10;36;11;75;12;54
7;26;8;11;9;26;10;65;11;8;12;36
0;59;1;53;2;52;4;2;5;2;6;21;7;77;8;3;9;2;10;16;11;41;12;24
10;4;11;78;12;8
7;57;8;15;9;73;10;63;11;50;12;77
4;78;5;34;6;10;7;10;8;48;9;77;10;51;11;23;12;54
9;71;10;14;11;67;12;38
4;17;5;15;6;30;7;77;8;28;9;55;10;9;11;7;12;68
8;53;9;26;10;19;11;29;12;6
9;12;10;18;11;81;12;44
6;10;7;81;8;71;9;70;10;2;11;34;12;63
8;65;9;29;10;26;11;24;12;11
2;30;3;27;4;65;5;77;6;24;7;81;8;40;9;5;10;52;11;79;12;63
3;18;4;19;5;15;6;42;7;31;8;47;9;15;10;80;11;67;12;41
2;74;3;76;4;17;5;76;6;14;7;68;8;38;9;8;10;43;11;29;12;62
6;13;7;37;8;48;9;71;10;73;11;65;12;20
0;17;1;2;2;79;3;4;4;44;5;42;6;41;7;38;8;51;9;27;10;16;11;61;12;53
7;10;8;9;9;2;10;39;11;59;12;17
7;11;8;26;9;39;10;26;11;72;12;46
6;20;7;73;8;58;9;7;10;46;11;50;12;50
9;48;10;25;11;44;12;61
4;46;5;31;6;30;7;6;8;23;9;53;10;35;11;3;12;39
0;44;1;10;2;73;3;6;4;49;5;33;6;9;7;53;8;31;9;12;10;24;11;10;12;45
8;14;9;40;10;27;11;76;12;72
7;24;8;40;9;57;10;40;11;72;12;61
5;39;6;41;7;29;8;39;9;1;10;12;11;61;12;13
5;48;6;61;7;36;8;31;9;73;10;61;11;80;12;47
0;53;1;29;2;32;3;69;4;59;6;63;7;29;8;12;9;28;10;40;11;55;12;13
4;68;5;61;6;13;7;5;8;71;9;23;10;42;11;3;12;20
4;52;5;69;6;2;7;10;8;48;9;32;10;47;11;26;12;39
4;58;5;35;6;49;7;3;8;26;9;52;10;55;11;28;12;36
0;28;1;75;2;36;3;47;4;43;5;59;6;33;7;76;8;38;9;45;10;57;11;80;12;15
4;11;5;80;6;68;7;76;8;73;9;42;10;20;11;77;12;76
6;22;7;35;8;16;9;59;10;11;11;46;12;73
8;74;9;17;10;36;11;1;12;22
8;4;9;3;10;27;11;2;12;77
7;21;8;79;9;4;10;35;11;67;12;45
1;42;2;70;3;72;5;72;6;61;7;45;8;14;9;48;10;65;11;6;12;8
7;73;8;2;9;60;10;4;11;24;12;30
2;38;3;58;4;70;5;52;6;79;7;25;8;51;9;56;10;40;11;39;12;18
8;3;9;56;10;59;11;55;12;70
4;41;5;62;6;19;7;2;8;69;9;23;10;59;11;16;12;54
1;18;2;59;3;62;4;34;5;56;6;74;7;65;8;23;9;57;10;62;11;16;12;71
4;28;5;61;6;38;7;24;8;60;9;63;10;42;11;21;12;27
5;52;6;2;7;75;8;39;9;78;10;46;11;37;12;18
6;76;7;22;8;52;9;5;10;42;11;70;12;51
5;17;6;9;7;55;8;33;9;29;10;61;11;39;12;38
6;5;7;56;8;1;9;77;10;71;11;55;12;48
3;78;4;56;5;41;6;23;7;53;8;38;9;17;10;81;11;62;12;26
0;5;1;56;2;10;3;70;4;52;5;71;6;26;7;70;8;13;9;64;10;64;11;67;12;8
4;65;5;42;6;24;8;72;9;41;10;73;11;60;12;20
6;53;7;78;8;34;9;3;10;46;11;72;12;20
8;38;9;23;10;16;11;58;12;44
7;65;8;21;9;60;10;28;11;28;12;73
0;20;1;57;2;43;3;34;4;32;5;54;6;40;7;73;8;1;9;21;10;18;11;29;12;28
3;48;4;79;5;27;6;47;7;15;8;25;9;60;10;59;11;31;12;1
6;67;7;50;8;62;9;28;10;6;11;48;12;5
9;4;10;58;11;6;12;52
2;14;3;69;4;8;5;63;6;11;7;19;8;11;9;56;10;65;11;16;12;43
6;40;8;7;9;8;10;66;11;17;12;69
6;30;7;9;8;34;9;18;10;46;11;62;12;34
4;1;5;63;6;74;7;56;8;12;9;45;10;38;11;55;12;73
2;80;3;76;4;21;5;74;6;61;7;47;8;53;9;41;10;57;11;11;12;38
3;80;4;12;5;40;6;23;7;14;8;15;9;13;10;46;11;6;12;68
3;8;4;21;5;61;6;68;7;79;8;74;9;45;10;80;11;63;12;75
1;62;2;33;3;30;4;56;5;19;6;51;7;55;9;44;10;23;11;18;12;35
2;47;3;68;4;1;5;50;6;33;7;79;8;13;9;34;10;16;11;67;12;71
4;7;5;71;6;37;7;39;8;30;9;38;10;37;11;26;12;64
8;3;9;26;10;20;11;25;12;60
0;11;1;47;2;56;3;23;4;66;5;74;6;43;7;60;8;68;9;58;10;1;11;80;12;36
2;31;3;78;4;15;5;30;6;1;7;44;8;17;9;31;10;26;11;44;12;26
6;73;7;14;8;30;9;34;10;38;11;4;12;63
0;52;1;21;2;51;3;71;4;11;5;77;6;35;7;41;8;25;9;49;10;41;11;55;12;64
2;74;3;78;4;23;5;68;6;61;7;61;8;13;9;40;10;43;11;77;12;31
2;33;3;66;4;38;5;35;6;30;7;23;8;77;9;1;10;13;11;71;12;27
0;39;1;49;2;48;3;29;4;52;5;36;6;69;7;48;8;56;9;43;10;10;11;72;12;29
0;51;1;47;2;8;3;80;4;40;5;31;6;76;7;13;8;81;9;61;10;79;11;25;12;34
3;21;4;7;5;79;6;21;7;49;8;10;9;13;10;14;11;39;12;71
8;57;9;43;10;30;11;6
8;30;9;14;10;73;11;74;12;72
9;80;10;70;11;21;12;43
2;44;3;20;4;46;5;43;6;26;7;47;8;3;9;47;10;61;11;55;12;53
6;24;7;13;8;2;9;61;10;79;11;21;12;47
1;42;2;52;3;65;4;15;5;53;6;52;7;79;8;30;9;56;10;21;11;31;12;42
1;16;2;14;3;21;4;54;5;6;6;43;7;21;8;1;9;34;10;42;11;39;12;59
8;4;9;11;10;57;11;80;12;51
0;31;1;14;2;39;3;7;4;22;5;48;6;27;7;49;8;18;9;24;10;28;11;9;12;17
3;73;4;2;5;34;6;18;7;47;8;47;9;46;10;51;11;78;12;43
3;33;4;58;5;20;6;13;7;49;9;20;10;37;11;32;12;15
2;11;3;73;4;78;5;9;6;39;7;53;8;10;9;76;10;4;11;20;12;3
9;37;10;58;11;38;12;72
9;63;10;68;11;71;12;63
6;24;7;52;8;55;9;74;10;26;11;7;12;15
1;71;2;19;3;30;4;21;5;74;6;47;7;58;8;60;9;4;10;5;11;81;12;70
4;14;5;63;6;78;7;3;8;58;9;69;10;55;11;32;12;69
3;20;4;53;5;4;6;1;7;5;8;43;9;69;10;12;11;9;12;19
6;37;7;17;8;33;9;12;10;10;11;72;12;40
3;37;4;31;5;43;6;32;7;29;8;4;9;10;10;24;11;53;12;69
1;33;2;74;3;2;5;54;6;42;7;49;8;30;9;33;10;80;11;62;12;16
6;33;7;54;8;33;9;6;10;7;11;70;12;65
8;77;9;29;10;15;11;67;12;44
3;34;4;67;5;67;6;42;7;63;8;1;9;34;10;71;11;15;12;4
9;49;10;48;11;74;12;41
5;2;6;51;7;31;8;65;9;29;10;65;11;61;12;59
4;20;5;80;6;62;7;76;8;16;9;47;10;38;11;1;12;65
9;20;10;2;11;23;12;58
6;58;7;30;8;48;9;33;10;58;11;1;12;35
4;35;5;76;6;44;7;28;8;80;9;71;10;56;11;49
1;29;2;37;4;7;5;5;6;43;7;12;8;8;9;79;10;72;11;58;12;41
5;1;6;26;7;13;8;62;9;80;10;20;11;17;12;74
1;30;2;74;3;57;4;20;5;19;6;67;7;76;8;68;9;62;10;9;11;36;12;11
6;15;7;42;8;24;9;25;10;35;11;52;12;60
1;14;2;16;3;56;4;60;5;71;6;64;7;43;8;27;9;67;10;28;11;35;12;29
3;56;4;7;5;69;6;66;7;6;8;13;9;36;10;33;11;58;12;61
9;63;10;50;11;79;12;39
9;6;10;19;11;1;12;65
1;43;2;1;3;77;4;22;5;67;6;77;7;73;8;30;9;12;10;71;11;34;12;6
7;51;8;46;9;9;10;51;11;46;12;74
3;43;4;72;5;40;6;78;7;42;8;72;9;44;10;60;11;4;12;65
4;59;5;32;6;47;7;60;8;13;9;51;10;7;11;27;12;49
8;30;9;21;10;31;11;73;12;29
1;4;2;20;3;9;4;55;5;68;6;37;7;73;8;47;9;28;10;24;11;36;12;24
2;81;3;37;4;70;5;49;6;31;7;43;8;56;9;54;10;43;11;69;12;20
4;57;5;61;6;14;7;40;8;61;9;44;10;81;11;3;12;32
1;25;2;80;3;23;4;13;5;56;6;34;7;47;8;62;9;69;10;35;11;16;12;9
4;79;5;8;6;56;7;17;8;51;9;5;10;60;11;73;12;63
3;76;4;74;5;42;6;26;7;80;8;26;9;55;10;30;11;11;12;63
3;12;4;64;5;62;6;28;7;32;8;74;9;81;10;56;11;27;12;24
1;62;2;60;3;62;4;75;5;32;6;47;7;29;8;31;9;64;10;53;11;32;12;1
3;73;4;45;5;68;6;18;7;12;8;14;9;55;10;34;11;64;12;48
1;32;2;80;3;65;4;17;5;63;6;1;7;77;8;43;9;54;10;29;11;23;12;69
6;65;7;33;8;54;9;57;10;45;11;59;12;41
7;52;8;21;9;32;10;76;11;57;12;45
4;61;5;15;6;15;7;60;8;66;9;70;10;59;11;71;12;9
7;49;8;18;9;24;10;66;11;26;12;13
0;62;1;62;2;34;3;73;4;66;5;48;6;11;7;32;8;70;9;76;10;78;11;6;12;36
9;47;10;33;11;16;12;9
5;19;6;52;7;9;8;26;9;74;10;75;11;3;12;22
0;68;1;37;2;52;3;25;4;46;5;64;6;74;7;23;8;45;9;27;10;66;11;56;12;73
7;3;8;48;9;50;10;49;11;18;12;33
2;12;3;62;4;70;5;53;6;23;7;12;8;52;9;47;10;1;11;17;12;65
9;29;10;74;11;49;12;42
2;67;3;81;4;29;5;67;6;51;7;52;8;20;9;13;10;37;11;43;12;77
8;51;9;15;10;23;11;28;12;30
3;56;4;56;5;22;6;63;7;77;8;51;9;27;10;79;11;48;12;34
4;12;5;77;6;54;7;30;8;41;9;11;10;15;11;70;12;29
5;73;6;13;7;8;8;1;9;35;10;61;11;51;12;5
5;61;6;36;7;69;8;12;9;4;10;78;11;50;12;25
3;24;4;20;5;41;6;6;7;20;8;77;9;35;10;76;11;81;12;12
3;45;4;23;5;76;6;21;7;12;8;49;9;75;10;48;11;13;12;46
2;69;3;20;4;54;5;9;6;36;7;7;8;75;9;35;10;15;11;62;12;10
0;2;1;26;2;31;3;12;4;74;5;2;6;2;7;41;8;30;9;29;10;69;11;40;12;17
5;20;6;31;7;18;8;22;9;9;10;6;11;64;12;22
1;31;2;79;5;49;7;40;8;74;9;38;10;11;11;45;12;72
8;80;9;81;10;21;11;71;12;34
6;41;7;27;9;75;10;47;11;8;12;12
7;57;8;69;9;76;10;4;11;67;12;28
5;12;6;76;7;4;8;8;9;46;10;21;11;43;12;22
0;79;1;71;2;74;3;61;4;13;5;70;6;51;7;58;8;49;9;51;10;1;11;76;12;67
8;53;9;3;10;71;11;42;12;60
4;43;5;67;6;30;7;15;8;20;9;6;10;53;11;51;12;31
2;70;3;55;4;48;5;24;6;57;7;35;8;51;9;53;10;2;11;56;12;41
3;19;4;2;5;50;6;80;7;73;8;9;9;77;10;70;11;49;12;61
3;9;4;11;5;12;6;14;7;74;8;49;9;72;10;4;11;35;12;40
5;16;6;30;7;15;8;53;9;21;10;40;11;13;12;77
5;52;6;54;7;14;8;73;9;67;10;45;11;61;12;52
5;16;6;24;7;60;8;77;9;12;10;15;11;62;12;28
7;56;8;20;9;12;10;67;11;65;12;64
0;43;1;42;2;32;3;7;4;45;5;20;6;70;7;37;8;39;9;24;10;22;11;41;12;54
2;15;3;69;4;23;5;81;6;16;7;57;8;48;9;52;10;12;11;10;12;34
3;70;4;47;5;7;6;61;7;51;8;68;9;46;10;59;11;61;12;32
2;66;3;34;4;34;5;45;6;44;7;2;8;41;9;58;10;72;11;66;12;32
5;4;6;53;7;31;8;6;9;27;10;64;11;61;12;44
2;81;3;8;4;80;5;45;6;28;7;32;8;27;9;42;10;16;11;43
0;29;1;59;2;42;3;77;4;68;5;5;6;55;7;24;8;20;9;23;10;47;11;65;12;24
3;52;4;70;5;20;6;44;7;16;8;81;9;14;10;57;11;59;12;65
4;1;5;74;6;60;7;64;8;32;9;46;10;60;11;10;12;60
7;37;8;3;9;62;10;22;11;54;12;32
6;5;7;41;8;40;9;18;10;20;11;35;12;6
1;73;2;7;3;18;4;32;5;69;6;50;7;22;8;80;9;4;10;19;11;4;12;46
7;22;8;2;9;1;10;5;11;17;12;78
4;73;5;35;6;76;7;76;8;1;9;21;10;49;11;9;12;7
4;81;5;37;6;10;7;74;8;13;9;17;10;49;11;47;12;2
1;50;2;77;3;46;4;64;5;22;6;77;7;13;8;6;9;7;10;14;11;2;12;72
0;67;1;67;2;81;3;60;4;15;5;75;6;61;7;29;8;45;9;51;10;60;11;12;12;55
2;81;3;27;4;73;5;49;6;31;7;38;8;33;9;6;10;51;11;45;12;3
8;26;9;61;10;70;11;27;12;16
1;18;2;74;3;38;4;72;5;63;6;22;7;59;8;52;9;64;10;16;11;76;12;24
0;32;1;39;2;65;3;47;4;80;5;16;6;50;7;62;8;52;9;80;10;59;11;68;12;1
2;39;3;61;4;50;5;73;6;75;7;8;8;58;9;42;10;17;11;17;12;75
2;33;3;65;4;76;5;45;6;36;7;16;8;27;9;79;10;39;11;35;12;49
2;50;3;47;4;43;5;17;6;37;7;18;8;5;9;41;10;10;11;70;12;22
5;23;6;77;7;78;8;57;9;3;10;40;11;26;12;12
3;41;4;81;5;13;6;27;7;59;8;44;9;59;10;1;11;65;12;78
0;79;1;18;2;52;3;12;4;49;5;17;6;64;7;14;8;81;9;1;10;34;11;33;12;4
7;29;8;50;9;28;10;29;11;44;12;9
8;42;9;49;10;71;11;80;12;14
8;42;9;68;10;70;11;37;12;50
4;50;5;32;6;36;7;64;8;9;9;33;10;32;11;69;12;59
4;58;5;49;6;68;7;71;8;44;9;74;10;78;11;49;12;68
8;55;9;59;10;23;11;21;12;23
8;21;9;64;10;23;11;32;12;44
7;75;8;4;9;15;10;18;11;39;12;20
5;61;6;31;7;60;8;7;9;73;10;21;11;43;12;77
9;54;10;58;11;33;12;30
4;25;5;30;6;35;7;32;8;81;9;75;10;40;11;13;12;35
0;40;1;35;2;11;3;40;4;9;5;41;6;74;7;52;8;15;9;35;10;4;11;61;12;38
4;50;5;4;6;38;7;72;8;10;9;41;10;59;11;33;12;26
1;35;2;9;3;72;4;49;5;74;6;4;7;44;8;63;9;73;10;32;11;77;12;15
3;62;4;51;5;9;6;32;7;32;8;79;9;50;10;36;11;53;12;73
7;4;8;35;9;61;10;53;11;46;12;58
8;23;9;11;10;80;11;32;12;1
8;59;9;11;10;30;11;27;12;72
3;33;4;48;5;35;6;75;8;19;9;21;10;32;11;5;12;77
2;12;3;56;4;19;5;24;6;58;7;29;8;33;9;40;10;70;11;69;12;23
7;65;8;6;9;81;10;34;11;54;12;7
7;3;8;69;9;8;10;69;11;7;12;77
7;64;8;61;9;72;10;41;11;5;12;22
4;76;5;55;6;41;7;13;8;70;9;20;10;49;11;25;12;55
6;18;7;70;8;36;9;18;10;34;11;55;12;21
8;50;9;61;10;18;11;21;12;10
5;9;6;6;7;7;8;50;9;22;10;60;11;58;12;81
7;24;8;58;9;49;10;32;11;8;12;19
9;17;10;20;11;33;12;33
3;11;4;59;5;23;6;31;7;72;8;23;9;6;10;26;11;49;12;14
1;68;2;5;3;53;4;20;5;18;6;5;7;40;8;73;9;56;10;74;11;61;12;54
0;6;1;55;2;48;3;65;4;72;5;77;6;67;7;56;8;59;9;60;10;53;11;65;12;59
9;22;10;23;11;18;12;18
6;14;7;65;8;76;9;81;10;28;11;46;12;41
1;31;2;8;3;23;4;28;5;19;6;16;7;55;8;7;9;3;10;71;11;2;12;47
7;79;8;80;9;6;10;51;11;77;12;14
0;54;1;62;2;55;3;19;4;70;5;8;6;24;7;19;8;47;9;60;10;22;11;68;12;49
0;38;1;4;2;56;3;75;4;42;5;7;6;29;7;32;8;45;9;79;10;7;11;77;12;27
4;60;5;19;6;15;7;29;8;2;9;60;10;52;11;51;12;80
0;14;1;14;2;8;3;17;4;63;5;61;6;2;7;8;9;9;10;4;11;11;12;71
1;5;2;22;3;41;4;16;5;66;6;22;7;64;8;68;9;24;10;28;11;37;12;19
9;76;10;14;11;24;12;30
6;8;7;44;8;22;9;23;10;68;11;19;12;58
5;68;6;81;7;73;8;1;9;67;10;80;11;77;12;43
6;69;7;35;8;2;9;6;10;55;11;50;12;42
4;6;5;1;6;64;7;80;8;67;9;80;10;57;11;37;12;38
1;81;2;28;3;77;4;31;5;14;6;61;7;67;8;19;9;11;10;3;11;59;12;22
0;56;1;3;2;47;3;45;4;77;5;29;6;24;7;13;8;30;9;71;10;80;11;5;12;35
1;72;2;7;3;17;4;39;5;46;6;51;7;59;8;5;9;14;10;57;11;42;12;61
0;44;1;66;2;21;3;21;4;32;5;1;6;51;7;78;8;64;9;10;10;17;11;78;12;61
1;22;2;12;3;23;4;3;5;25;6;68;7;18;8;11;9;25;10;69;11;24;12;79
0;54;1;9;2;20;3;41;4;50;5;25;6;75;7;44;8;13;9;39;10;76;11;3;12;22
2;69;3;26;4;78;5;67;6;18;7;26;8;75;9;41;10;12;11;1;12;42
8;40;9;17;10;59;11;40;12;38
7;45;8;62;9;76;10;28;11;32;12;63
7;11;8;32;9;12;10;57;11;66;12;17
7;81;8;5;9;72;10;63;11;44;12;28
2;61;3;68;4;38;5;5;6;74;7;46;8;20;9;78;10;27;11;32;12;21
4;41;5;9;6;35;7;52;8;78;9;31;10;30;11;26;12;78
0;9;1;62;2;22;3;34;4;59;5;81;6;18;7;25;8;17;9;9;10;44;11;41;12;45
0;46;1;49;2;25;3;43;4;24;5;53;6;77;7;44;8;17;9;45;10;73;11;41;12;16
3;39;4;10;5;48;6;16;7;51;8;19;9;25;10;48;11;5;12;38
1;58;2;33;3;71;4;64;5;7;6;8;7;13;8;4;9;59;10;66;11;50;12;46
3;50;4;44;5;79;6;44;7;49;8;20;9;66;10;5;11;27;12;69
8;12;9;79;10;25;11;24;12;5
2;2;3;22;4;67;5;8;6;73;7;29;8;45;9;59;10;53;11;52;12;74
7;31;8;59;9;58;10;27;11;42;12;53
0;43;1;56;2;51;3;25;4;54;5;2;6;68;7;60;8;15;9;4;11;46;12;22
6;3;7;46;8;34;9;74;10;40;11;50;12;68
1;38;2;60;3;18;4;79;5;13;6;50;7;78;8;4;9;75;10;76;11;33;12;66
6;32;7;78;8;48;9;56;10;26;11;4;12;31
2;38;3;69;4;60;5;12;6;14;7;57;8;59;9;50;10;23;11;51;12;9
5;18;6;10;7;67;8;75;9;50;10;51;11;17;12;74
5;58;6;39;7;50;8;21;9;73;10;60;11;2;12;47
1;19;2;44;3;60;4;76;5;16;6;26;7;64;8;81;9;30;10;20;11;42;12;3
2;10;3;66;4;70;5;60;6;2;7;36;8;38;9;41;10;37;11;76;12;77
1;2;2;54;3;44;4;22;5;42;6;74;7;27;8;74;9;42;11;20;12;35
7;3;8;62;9;62;10;63;11;32;12;1
9;10;10;12;11;45;12;68
2;36;3;40;4;20;5;33;6;32;7;59;8;38;9;48;10;16;11;63;12;15
2;37;3;47;4;34;5;42;6;49;7;11;8;28;9;6;10;35;11;44;12;58
2;26;3;12;4;72;5;52;6;25;7;43;8;66;9;79;10;56;12;62
1;10;2;42;3;74;4;9;5;70;6;9;7;61;8;65;9;2;10;2;11;71;12;2
3;77;4;76;5;4;6;51;7;39;8;43;9;30;10;38;11;57;12;69
6;54;7;70;8;46;9;70;10;79;11;76;12;32
5;21;6;23;7;69;8;13;9;12;10;29;11;53;12;8
4;26;5;71;6;64;7;65;8;63;9;30;10;58;11;6;12;39
8;62;9;68;10;17;11;3;12;32
9;31;10;23;11;77;12;38
8;1;9;32;10;3;11;37;12;79
1;23;2;73;3;57;4;57;5;32;6;35;7;19;8;59;9;71;10;75;11;66;12;80
8;9;9;26;10;10;11;28;12;52
6;38;7;34;8;44;9;32;10;47;11;69;12;65
7;24;8;71;9;46;10;45;11;22;12;56
0;63;1;70;2;41;3;53;4;47;5;66;6;30;7;63;8;69;9;73;10;40;11;1;12;64
3;47;4;52;5;30;6;51;7;65;8;33;9;34;10;71;12;32
7;36;8;67;9;73;10;19;11;10;12;41
2;59;3;31;4;21;5;53;6;23;7;59;8;81;9;16;10;29;11;38;12;66
7;49;8;80;9;30;10;7;11;59;12;69
1;45;2;76;3;53;4;58;5;40;6;48;7;3;8;75;9;38;10;27;11;76;12;26
2;19;3;35;4;22;5;76;6;21;7;62;8;44;9;36;10;67;11;50;12;21
3;49;4;80;5;44;6;2;7;20;8;15;9;77;10;21;11;25;12;8
3;1;4;54;5;70;6;46;7;37;8;81;9;60;10;1;11;2;12;57
2;64;3;23;4;72;5;76;6;25;7;16;8;12;9;5;10;29;11;8;12;44
2;32;3;18;4;6;5;45;6;27;7;62;8;41;9;53;10;35;11;70;12;12
7;18;8;24;9;58;10;63;11;67;12;70
3;33;4;71;5;28;6;48;7;73;8;6;9;53;10;16;11;5;12;81
9;59;10;63;11;75;12;20
3;22;4;26;5;43;6;55;7;24;8;51;9;38;10;75;11;78;12;75
7;55;8;81;9;15;10;45;11;75;12;15
0;64;1;26;2;7;3;34;4;48;5;47;6;31;7;23;8;9;9;11;10;17;11;78;12;20
1;72;2;8;3;62;4;73;5;9;6;59;7;20;8;7;9;27;10;81;11;18;12;53
0;48;1;78;2;1;3;56;4;76;5;62;6;60;7;77;8;57;9;79;10;40;11;49;12;45
6;77;7;28;8;19;9;67;10;9;11;40;12;44
1;39;2;42;3;44;4;66;5;19;6;68;7;76;8;25;9;78;10;76;11;73;12;10
2;55;3;12;4;62;5;9;6;28;7;27;8;36;9;12;10;70;11;74;12;65
5;53;6;39;7;41;8;44;9;5;10;4;11;74;12;68
1;67;2;63;3;6;4;79;5;62;6;9;7;81;8;39;9;6;10;79;11;52;12;58
8;35;9;58;10;16;11;39;12;78
6;26;7;36;8;38;9;5;10;66;11;31;12;30
6;53;7;34;8;2;9;48;10;39;11;67;12;80
1;67;2;20;3;72;4;16;5;80;6;19;7;63;8;21;9;16;10;1;11;53;12;22
2;65;3;17;4;40;5;44;6;19;7;57;8;58;10;78;11;31;12;18
3;34;4;79;5;53;6;37;7;26;8;55;9;6;10;47;11;52;12;6
2;54;3;41;4;39;5;57;6;22;7;56;8;14;9;68;10;31;11;6;12;54
7;71;8;8;9;29;10;35;11;21;12;66
0;25;2;19;3;2;4;30;5;78;6;30;7;16;8;66;9;80;10;33;11;58;12;56
9;30;10;14;12;76
8;24;9;38;10;50;11;10;12;56
7;77;8;23;9;45;10;49;11;40;12;41
2;71;3;51;4;49;5;29;6;74;7;71;8;45;9;10;10;53;11;66;12;43
1;62;2;73;3;81;5;26;6;25;7;58;8;62;9;61;10;60;12;41
2;41;3;64;4;49;5;66;6;15;7;18;8;5;9;44;10;43;11;76;12;8
6;27;7;69;8;79;9;60;10;66;11;15;12;80
9;15;10;46;11;42;12;1
0;39;1;49;2;21;3;2;4;33;5;9;6;16;7;60;8;3;9;2;10;60;11;18;12;75
5;19;6;10;7;58;8;19;9;43;10;4;11;35;12;11
9;27;10;4;11;58;12;20
9;55;10;64;11;54;12;15
1;78;2;4;3;75;4;14;5;56;6;80;7;7;8;29;9;38;10;33;11;45;12;72
0;28;1;30;2;10;3;19;4;34;5;49;6;53;7;62;8;59;9;14;10;32;11;19;12;24
1;61;2;44;3;26;4;44;5;61;6;67;7;52;8;44;9;38;10;9;11;8;12;19
3;47;4;73;5;17;6;33;7;19;8;73;9;14;10;12;11;48;12;1
1;69;2;48;3;42;4;80;5;81;6;54;7;10;8;31;9;44;10;73;11;69;12;62
9;70;10;48;11;46;12;47
8;28;9;60;10;42;11;6;12;17
1;17;2;67;3;19;4;17;5;28;6;29;7;47;8;68;9;17;10;13;11;81;12;78
4;70;5;12;6;5;7;80;8;49;9;61;10;67;11;48;12;58
4;45;5;63;6;35;7;63;8;20;9;52;10;72;11;79;12;35
6;66;7;75;8;11;9;26;10;77;11;39;12;41
6;59;7;20;8;8;9;53;10;59;11;61;12;69
2;57;3;47;4;77;5;5;6;64;7;23;8;50;9;19;10;31;11;13;12;55
0;56;1;63;2;60;3;17;4;30;5;56;6;46;7;52;8;50;9;78;10;50;11;64;12;55
9;57;10;65;11;8;12;16
3;24;4;20;5;38;6;59;7;81;8;29;9;28;10;52;11;65;12;38
2;57;3;58;4;18;5;42;6;11;7;56;8;62;9;38;10;12;11;24;12;56
4;57;5;81;6;72;7;8;8;11;9;65;10;28;11;56;12;9
2;46;3;53;4;63;5;2;6;50;7;68;8;78;9;32;10;37;11;79;12;11
1;70;2;15;3;70;4;64;5;52;6;18;7;28;8;23;9;18;10;3;11;32;12;64
2;78;3;73;4;22;5;58;6;54;7;74;8;62;9;12;10;55;11;76;12;44
7;19;8;74;9;61;10;20;11;40;12;73
8;48;9;26;10;14;11;3;12;57
7;7;8;64;9;60;11;20;12;47
2;80;3;75;4;32;5;56;6;38;7;19;8;75;9;10;10;33;11;31;12;61
8;41;9;58;11;47
5;43;6;64;7;77;8;1;9;81;10;21;11;71;12;9
9;11;10;24;11;11;12;1
4;27;5;59;6;71;7;22;8;1;9;73;10;8;11;70;12;40
1;45;2;54;3;67;5;26;6;7;7;26;8;35;9;69;10;32;11;50;12;71
8;27;9;33;10;42;11;34;12;71
6;56;7;5;8;40;9;67;10;21;11;81;12;63
7;19;8;20;9;46;10;60;11;14;12;24
5;77;6;76;8;2;9;53;10;68;11;35;12;70
7;5;8;56;9;67;10;1;11;46;12;31
4;43;6;57;7;31;8;57;9;48;10;42;11;76;12;72
1;2;2;65;3;27;4;9;5;24;6;52;7;23;8;25;9;54;10;78;11;2;12;2
4;51;5;9;6;21;7;13;8;20;9;11;10;17;11;5
7;50;8;63;9;40;10;71;11;47;12;54
9;78;10;33;11;44;12;61
1;49;2;63;3;79;4;12;5;69;6;42;7;23;8;35;9;23;10;2;11;65;12;68
8;69;9;70;10;15;11;55;12;21
7;15;8;12;9;61;10;42;11;41;12;21
6;62;7;30;8;4;9;31;10;77;11;43;12;45
6;59;7;48;8;72;9;28;10;63;11;46;12;75
8;14;9;39;11;56;12;77
8;39;9;69;10;78;11;30;12;10
4;6;5;66;6;5;7;60;8;26;9;75;10;42;11;56;12;15
3;20;4;74;5;38;6;36;7;22;8;37;9;77;10;36;11;48;12;14
9;31;10;30;11;52;12;39
8;24;9;17;10;16;11;4;12;70
7;70;8;61;9;44;10;35;11;58;12;1
8;67;9;2;10;78;11;72;12;6
7;8;8;53;9;52;10;72;11;19;12;24
0;60;1;50;2;42;3;57;4;5;5;40;6;67;7;46;8;57;9;50;10;36;11;13;12;26
4;35;5;73;6;12;7;62;8;1;9;8;10;28;11;41;12;32
6;34;7;69;8;34;9;57;10;42;11;6;12;39
0;16;1;5;2;9;3;12;4;40;5;78;6;35;7;50;8;22;9;30;10;36;11;80;12;9
3;13;4;25;5;51;6;13;7;56;8;52;9;13;10;28;11;52;12;24
1;35;2;7;3;1;4;80;5;73;6;76;7;78;8;48;9;68;10;66;11;47;12;31
7;69;8;5;9;48;10;71;11;27;12;65
4;68;5;71;6;14;7;9;8;73;9;20;10;57;11;22;12;80
4;14;5;7;6;63;7;6;8;23;9;57;10;42;11;68;12;78
5;48;6;13;7;66;8;4;9;72;10;34;11;66;12;72
7;63;8;62;9;46;11;1;12;78
7;51;8;15;9;67;10;53;11;33;12;22
6;74;7;77;8;21;9;57;10;5;11;17;12;54
0;1;1;79;2;64;3;70;4;44;5;33;6;28;7;64;8;17;9;34;10;17;11;41;12;47
4;81;5;2;6;75;7;29;8;73;9;44;10;20;11;52;12;27
4;18;5;18;6;38;7;22;8;39;9;58;10;26;11;15;12;72
7;4;8;13;9;43;10;12;11;67;12;11
10;12;11;50;12;47
7;22;8;17;9;34;10;45;11;79;12;77
3;13;4;12;5;49;6;15;8;31;9;73;10;73;11;44;12;66
4;64;5;54;6;62;7;36;8;26;9;33;10;67;11;65;12;16
2;28;3;62;4;59;5;10;6;7;7;73;8;51;9;12;10;29;11;12;12;71
1;4;2;4;3;16;4;41;5;64;6;7;7;70;8;71;9;64;10;58;11;78;12;16
0;28;1;54;2;63;3;76;4;65;5;7;6;4;7;55;8;25;9;64;10;62;11;24;12;39
2;14;4;76;5;54;6;79;7;16;8;50;9;7;10;1;11;42;12;41
6;44;7;6;8;22;9;61;10;39;11;27;12;69
3;44;4;36;5;31;6;59;7;22;8;23;9;48;10;44;11;17;12;46
6;25;7;16;8;52;9;17;10;62;11;56;12;23
4;32;5;40;6;75;7;75;8;53;9;66;10;35;11;54;12;65
8;51;9;77;10;6;11;50;12;19
4;60;5;14;6;13;7;8;8;37;9;74;10;21;11;60;12;71
7;2;8;74;9;32;10;44;11;72;12;11
1;45;2;65;3;8;4;59;5;69;6;51;7;14;8;11;9;53;10;73;11;16;12;42
9;67;11;13;12;78
3;73;4;77;5;52;6;22;7;17;8;24;9;10;10;15;11;24;12;53
4;78;5;11;6;26;7;45;8;13;9;81;10;29;11;19;12;18
4;61;5;35;6;24;7;30;8;50;9;39;10;60;11;34;12;57
1;2;2;11;3;51;4;69;5;57;6;3;7;67;8;41;9;53;10;45;11;44;12;28
4;39;5;80;6;11;7;81;8;80;9;68;10;29;11;10;12;7
0;27;1;75;2;34;3;58;4;44;5;36;6;56;7;35;8;18;9;42;10;20;11;26;12;65
2;72;3;38;4;28;5;36;6;39;7;47;8;20;9;47;10;37;11;66;12;15
6;78;7;71;8;21;9;59;10;52;11;60;12;41
6;74;7;52;8;43;9;2;10;73;11;38;12;33
0;10;1;54;2;80;3;71;4;2;5;76;6;49;7;4;8;70;9;32;10;45;11;3
8;60;9;46;10;21;11;44;12;24
7;29;8;34;9;31;10;52;11;64;12;23
6;67;7;32;8;8;9;74;10;54;11;54;12;3
5;55;6;73;7;22;8;53;9;22;10;64;11;18;12;6
3;14;4;55;5;55;6;49;7;58;8;22;9;3;10;6;11;11;12;39
9;46;10;62;11;38;12;21
9;32;10;56;11;47;12;74
5;4;6;69;7;18;8;50;9;9;10;53;11;43;12;12
9;72;10;10;11;75;12;8
5;24;6;52;7;45;8;31;9;25;10;21;11;44;12;37
5;74;6;32;7;55;8;47;9;54;10;77;11;71;12;74
1;39;2;20;4;26;5;58;6;16;7;56;8;26;9;18;10;47;11;72;12;19
3;20;4;68;5;42;6;19;7;23;8;30;9;73;10;75;11;51;12;77
1;56;2;2;3;52;4;61;5;45;6;46;7;51;8;8;9;44;10;80;11;68;12;34
2;36;3;18;4;70;5;70;6;37;7;11;8;51;9;76;10;69;11;41;12;75
9;65;10;64;11;44;12;27
5;60;6;67;7;42;8;81;9;12;10;55;11;52;12;74
0;57;1;41;2;55;3;16;4;49;5;1;6;28;7;72;8;32;9;34;10;12;11;72;12;17
5;21;6;69;7;9;8;44;9;9;10;45;11;36;12;1
0;8;1;33;2;54;3;34;4;59;5;7;6;7;7;54;8;27;9;26;10;16;11;1;12;23
1;67;2;38;3;71;4;33;5;58;6;63;7;30;8;19;9;67;10;58;11;59;12;71
7;53;8;46;9;65;10;73;11;9;12;7
9;59;10;42;11;76;12;23
4;43;5;66;6;74;7;36;8;31;9;41;10;33;11;31;12;51
1;19;2;39;3;36;4;30;5;35;6;12;7;26;8;67;9;4;10;35;11;74;12;17
7;61;8;33;9;13;10;70;11;76;12;79
8;21;9;22;10;80;11;68;12;6
2;41;3;61;4;63;5;68;6;79;7;61;8;71;9;78;10;38;11;69
1;40;2;27;3;13;4;37;5;5;6;60;7;20;8;10;9;14;10;3;11;11;12;35
6;34;7;23;8;68;9;11;10;20;11;43;12;10
3;67;4;21;5;6;6;66;7;18;8;41;9;63;10;75;11;44;12;13
9;2;10;13;11;2;12;3
0;10;1;77;2;1;3;74;4;22;5;77;6;36;7;45;8;11;9;12;10;34;11;28;12;20
5;43;6;52;7;33;8;15;9;41;10;5;11;47;12;67
5;41;6;1;7;47;8;81;9;62;10;20;11;3;12;49
3;61;4;29;5;39;6;54;7;5;8;81;9;3;10;63;11;2;12;79
9;50;10;55;11;49;12;74
7;1;8;30;9;10;10;47;11;52;12;78
6;30;7;2;8;4;9;3;10;49;11;1;12;33
4;20;5;44;6;64;7;76;8;77;9;67;10;30;11;15;12;36
6;38;7;39;8;38;9;52;10;47;11;77;12;52
7;1;8;28;9;19;10;35;11;10;12;41
9;78;10;69;11;47;12;57
4;30;5;28;6;81;7;67;8;17;9;7;10;36;11;18;12;74
1;50;2;22;3;21;4;72;5;75;6;71;7;75;8;31;9;65;10;33;11;52;12;7
8;4;9;42;10;11;11;11;12;27
7;15;8;55;9;6;10;7;11;44;12;61
3;42;4;14;5;6;6;48;7;57;8;21;9;2;10;54;11;23;12;9
3;11;4;77;5;47;6;8;7;28;8;23;9;53;10;15;11;32;12;34
3;51;4;75;5;72;6;80;7;80;8;43;9;71;10;74;11;77;12;33
5;45;6;36;7;69;8;22;9;75;10;24;11;70;12;9
6;52;7;4;8;42;9;57;10;59;11;57;12;11
2;8;3;10;4;67;5;44;6;26;7;70;8;63;9;39;10;19;11;4;12;78
8;12;9;45;10;30;11;51;12;38
0;9;1;25;2;48;4;6;5;64;6;69;7;63;8;79;9;49;10;7;11;73;12;63
3;31;4;48;5;68;6;37;7;72;8;35;9;2;10;75;11;26;12;41
6;80;7;79;8;45;9;69;10;54;11;24;12;49
4;70;5;23;6;36;7;23;8;22;9;16;10;8;11;40;12;60
8;13;9;13;10;54;11;7;12;18
4;63;5;77;6;51;7;22;8;19;9;32;10;41;11;31;12;49
6;51;7;54;8;8;9;44;10;74;11;38;12;9
6;27;7;15;8;70;10;26;11;54;12;51
4;6;5;32;6;80;7;81;8;17;9;81;10;33;11;53;12;61
7;70;8;34;9;31;10;16;11;20;12;17
0;29;1;71;2;55;3;2;4;41;5;36;6;22;7;19;8;4;9;27;10;48;11;22;12;42
3;1;4;41;5;30;6;66;7;14;8;5;9;44;10;54;11;73;12;55
3;4;4;55;5;18;6;6;7;8;8;58;9;22;10;81;11;42;12;17
7;58;8;50;9;43;10;22;11;52;12;42
5;21;6;45;7;17;8;44;9;71;10;61;11;52;12;20
7;26;8;15;9;11;10;48;11;74;12;38
7;61;8;49;9;79;10;67;11;44;12;5
8;7;9;9;10;72;11;70;12;61
1;62;2;36;3;28;4;5;5;62;6;10;7;69;8;41;9;78;10;50;11;49;12;63
7;40;8;36;9;35;10;44;11;67;12;1
1;47;2;73;3;18;4;36;5;76;6;49;7;76;8;61;9;80;10;1;11;14;12;27
8;54;9;32;10;81;11;23;12;54
3;42;4;18;5;48;6;79;7;57;8;18;9;73;10;3;11;38;12;45
5;56;6;15;7;76;8;56;9;63;10;37;11;21
9;66;10;72;11;26;12;33
3;10;4;13;5;6;6;62;7;52;8;12;9;67;10;72;11;40;12;2
3;29;4;44;5;52;6;74;7;57;8;20;9;5;10;20;11;34;12;29
3;3;4;32;5;31;6;1;7;77;8;4;9;47;10;81;11;34;12;43
3;37;4;81;5;28;6;57;7;41;8;34;9;54;10;76;11;51;12;77
7;40;8;36;9;63;10;61;11;72;12;44
2;20;3;43;4;23;5;35;6;30;7;7;8;45;9;41;10;40;11;63;12;42
6;76;7;12;8;4;9;21;10;40;11;17;12;77
8;59;9;61;10;66;11;33;12;68
3;8;4;52;5;10;6;22;7;47;8;14;9;18;10;46;11;80;12;63
0;67;1;80;2;2;3;7;4;56;5;77;6;44;7;1;8;21;9;21;10;10;11;46;12;48
8;41;9;29;10;57;11;20;12;43
3;7;4;53;5;64;6;27;7;49;8;40;9;45;10;9;11;46;12;60
0;25;1;80;2;3;3;74;4;32;5;4;6;13;7;75;8;32;9;5;10;1;11;56;12;10
5;42;6;81;7;54;8;64;9;35;10;77;11;72;12;32
1;7;2;70;3;1;4;20;5;62;6;74;7;76;8;1;9;14;10;10;11;78;12;81
5;6;6;11;7;59;8;78;9;25;10;8;11;64;12;68
2;50;3;43;4;64;5;4;6;75;7;74;8;79;9;41;10;29;11;54;12;35
6;12;7;46;8;39;9;34;10;58;12;61
3;34;4;39;5;68;6;25;7;41;8;50;9;31;10;29;11;73;12;14
7;34;8;73;9;59;10;79;11;16;12;36
0;78;1;66;2;81;3;67;4;26;5;38;6;81;7;7;8;42;9;2;10;42;11;7;12;16
7;2;8;80;9;70;10;37;11;2;12;64
5;80;6;81;7;30;8;4;9;6;10;11;11;53;12;38
9;26;10;53;11;8;12;10
8;12;9;44;10;20;11;24;12;48
4;8;5;19;6;7;7;1;8;26;9;39;10;77;11;24;12;31
1;1;2;75;3;64;4;2;5;15;6;21;7;27;8;68;9;61;10;26;11;81;12;3
4;73;5;44;6;43;7;64;8;50;9;56;10;38;11;43;12;60
3;23;4;65;5;73;6;68;7;3;8;20;9;14;10;51;11;77;12;58
4;61;5;24;6;31;7;11;8;75;9;17;10;78;11;56;12;10
9;72;10;1;11;43;12;53
2;19;3;6;4;66;5;74;6;39;7;26;8;64;9;54;10;38;11;22;12;31
0;63;1;68;2;65;3;77;4;53;5;57;6;8;7;36;8;36;9;47;10;13;11;21;12;49
0;40;1;50;2;80;3;52;4;67;5;73;6;68;7;25;8;30;9;52;10;32;11;24;12;29
5;80;6;5;7;52;8;56;9;7;10;49;11;80;12;1
4;62;5;41;6;78;7;43;8;37;9;52;10;38;11;3;12;14
3;53;4;33;5;56;6;36;7;40;8;58;9;64;10;26;11;43;12;11
4;79;5;9;6;76;7;40;8;14;9;24;10;46;11;42;12;66
1;5;2;71;3;30;4;37;5;17;6;40;7;50;8;25;9;36;10;80;11;33;12;61
3;1;4;48;5;80;6;67;7;50;8;47;9;34;10;45;11;11;12;80
1;47;2;20;3;78;4;32;5;31;6;40;7;39;8;53;9;51;10;43;11;35;12;77
2;32;3;1;5;19;6;15;7;69;8;5;10;64;11;36;12;80
6;40;7;74;8;77;9;17;10;22;11;80;12;70
9;47;10;18;11;24;12;7
8;1;9;59;11;55;12;35
7;7;8;33;9;39;10;40;11;24;12;48
3;65;4;42;5;51;6;31;7;40;8;35;9;11;10;24;11;17;12;2
1;59;2;21;3;50;4;41;5;74;6;13;7;72;8;26;9;79;10;67;11;67;12;12
8;81;9;66;10;45;11;79;12;71
3;57;4;10;5;65;6;63;7;53;8;67;9;1;10;39;11;47;12;72
8;75;9;31;10;4;11;71;12;56
5;20;6;14;7;63;8;26;9;48;10;55;11;2;12;54
4;9;5;79;6;65;7;61;8;28;9;81;10;37;11;4;12;49
1;16;3;14;4;64;5;46;6;10;7;45;8;28;9;43;10;70;11;10;12;31
2;5;3;74;4;34;5;10;6;70;7;78;8;38;9;42;10;33;11;61;12;28
3;81;4;79;5;46;6;13;7;47;8;3;9;51;10;56;11;56;12;60
7;71;8;76;9;74;10;56;11;35;12;28
2;67;3;25;4;63;5;27;6;47;7;56;8;3;9;44;10;3;11;55;12;18
7;11;8;31;9;46;10;71;11;57;12;76
4;34;5;40;6;49;7;78;8;52;9;5;10;55;11;2;12;9
3;65;4;37;5;38;6;54;7;7;8;78;9;30;10;75;11;36;12;49
4;26;5;58;6;39;7;12;8;80;9;20;10;8;11;15;12;57
5;18;6;70;7;36;8;41;9;16;10;54;11;44;12;27
4;77;5;21;6;66;7;6;8;81;9;77;10;32;11;19;12;50
6;48;7;80;8;12;9;2;10;15;11;54;12;67
0;72;1;36;2;38;3;23;4;59;5;69;6;75;7;52;8;42;9;15;10;17;11;21;12;18
7;24;8;40;9;75;10;6;11;32;12;59
4;45;5;22;6;10;7;11;8;76;9;2;10;16;11;75;12;37
7;57;8;80;9;9;10;49;11;59;12;16
9;36;10;8;11;12;12;70
9;13;10;50;11;5;12;58
7;30;8;65;9;3;10;66;11;32;12;10
1;57;2;36;3;57;4;5;5;55;6;15;7;2;8;72;9;12;10;8;11;21;12;79
1;39;2;38;3;9;4;14;5;42;6;37;7;43;9;58;10;28;11;43;12;21
8;46;9;48;10;21;11;13;12;67
2;18;3;67;4;53;5;43;6;32;7;29;8;28;9;67;10;44;11;51;12;70
2;75;3;51;4;8;5;64;6;9;7;12;8;38;9;76;10;9;11;59;12;39
1;79;2;62;3;1;4;53;5;73;6;70;7;36;8;76;9;39;10;53;11;20;12;2
5;47;6;22;7;73;8;52;9;38;10;2;11;61;12;28
1;72;2;7;3;35;4;6;5;71;6;67;7;8;9;5;10;75;11;58;12;67
3;43;4;31;5;70;6;39;7;16;8;36;9;26;10;54;11;26;12;70
4;71;5;25;6;17;7;52;8;9;9;79;10;4;11;27;12;48
1;49;2;39;3;22;4;68;5;76;6;60;7;46;8;33;9;45;10;76;11;64;12;6
7;46;8;36;9;63;10;38;11;61;12;77
2;36;3;40;4;32;5;42;6;43;7;19;8;9;9;81;10;70;11;17;12;22
6;2;7;72;9;29;10;59;11;4;12;23
6;70;7;15;8;81;9;59;10;46;11;28;12;64
5;11;6;2;7;67;8;76;9;14;10;76;11;36;12;60
3;4;4;51;5;44;6;24;7;64;8;35;9;6;10;46;11;49;12;8
3;19;4;51;5;61;6;60;7;23;8;12;9;65;10;74;11;44;12;44
1;69;2;35;3;13;4;74;5;31;6;6;7;37;8;14;9;16;10;40;11;5;12;15
7;62;8;17;9;14;10;16;11;18;12;58
3;36;4;14;5;48;6;30;7;41;8;22;9;5;10;67;11;70;12;64
6;60;7;11;8;67;9;32;10;29;11;50;12;26
9;53;10;21;12;45
4;27;5;38;6;1;7;79;8;31;9;70;10;52;11;14;12;79
1;26;2;76;3;31;4;26;5;69;6;66;7;62;8;75;9;41;10;14;11;28;12;51
9;14;10;33;11;27;12;2
4;21;5;7;6;52;7;45;8;50;9;43;10;13;11;25;12;48
1;67;2;79;3;46;4;11;5;22;6;58;7;75;8;71;9;76;10;60;11;14;12;54
6;3;7;10;8;41;9;46;10;80;11;24;12;42
1;13;2;27;3;45;4;66;5;63;6;69;7;81;8;80;9;65;10;69;11;50;12;48
7;52;8;15;9;14;10;46;11;62;12;60
6;16;7;51;8;19;10;56;11;20;12;74
2;46;3;9;4;52;5;20;6;33;7;74;8;61;9;10;10;9;11;27;12;30
4;14;5;50;6;72;7;35;8;3;9;6;10;16;11;76;12;48
1;43;2;77;3;38;4;76;5;74;6;62;7;17;8;68;9;27;10;27;11;49;12;37
2;16;3;59;4;63;5;63;6;40;7;16;8;24;9;59;10;35;11;77;12;18
3;34;4;78;5;66;6;53;7;80;8;38;9;71;10;37;11;48;12;73
9;29;10;20;11;20;12;17
8;1;9;20;10;29;11;7;12;20
9;38;10;79;11;32;12;11
9;80;10;39;11;23;12;7
8;7;9;60;10;11;11;11;12;56
9;36;10;26;11;37;12;20
8;47;9;56;10;50;11;60;12;21
7;25;8;2;9;50;10;8;11;19;12;22
7;67;8;33;9;6;10;43;11;53;12;65
3;54;4;4;5;2;6;59;7;26;8;73;9;24;10;23;11;36;12;19
8;32;9;66;10;58;11;18;12;5
0;54;1;42;2;7;3;17;4;64;5;49;6;39;7;81;8;36;9;10;10;74;11;70;12;62
7;48;8;31;9;57;10;21;11;80;12;54
9;73;10;64;11;26;12;35
6;6;7;26;8;22;9;77;10;38;11;61;12;47
7;54;8;13;9;50;10;64;11;70;12;19
5;54;6;71;7;47;8;13;9;40;10;7;11;49;12;81
9;42;10;60;11;4;12;73
1;80;2;51;3;22;4;2;5;58;6;65;7;72;8;6;9;74;10;9;11;59;12;4
2;18;3;81;4;63;5;35;6;8;7;71;8;66;9;80;10;1;11;16;12;14
7;29;8;16;9;80;10;26;11;50
0;60;1;53;2;25;3;73;4;69;5;51;6;66;7;42;8;34;9;13;10;19;11;50;12;14
6;37;7;1;8;7;9;21;10;16;11;51;12;77
9;71;10;30;11;74;12;20
7;53;8;51;9;12;10;4;11;18;12;17
6;81;7;46;8;43;9;73;10;23;11;39;12;79
0;27;2;42;3;76;4;72;5;68;6;66;7;78;8;55;9;59;10;1;11;47;12;61
0;9;1;1;2;11;3;29;4;23;5;27;6;33;7;50;8;75;9;50;10;49;11;39;12;71
4;26;5;32;6;23;7;79;8;8;9;66;10;34;11;3;12;68
9;64;10;77;11;73;12;74
5;42;6;59;7;71;8;3;9;58;10;65;11;71;12;35
2;73;3;70;4;80;5;76;6;64;7;13;8;49;9;4;10;31;11;76;12;4
3;9;4;10;5;53;6;60;7;51;8;50;9;30;10;3;11;24;12;40
9;32;10;39;11;20;12;8
2;65;3;41;4;50;5;4;6;36;8;65;9;47;10;38;11;27;12;67
5;29;6;37;7;3;8;67;9;8;10;76;11;37;12;12
8;77;9;9;10;25;11;51;12;33
4;62;5;51;6;12;7;4;8;68;9;16;10;49;11;40;12;20
3;29;4;23;5;59;6;72;7;47;8;52;9;49;10;53;11;35;12;30
9;53;10;66;11;48;12;55
2;30;3;61;4;69;5;81;6;22;7;16;8;72;9;38;10;52;11;12;12;29
3;66;4;48;5;58;6;71;7;25;8;63;9;39;10;16;11;60;12;79
9;27;10;10;11;11;12;55
3;73;4;21;5;79;6;24;7;10;8;41;9;73;10;28;11;11;12;26
7;68;8;61;9;79;10;67;11;13;12;13
6;9;7;81;8;65;9;47;10;3;11;32;12;73
3;10;4;45;5;40;6;80;7;44;8;31;9;67;10;67;11;68;12;80
5;52;6;72;7;17;8;11;9;69;10;21;11;54;12;26
4;17;5;39;6;5;7;54;8;54;9;71;10;71;11;39;12;30
3;33;4;16;5;14;6;41;7;65;8;36;9;62;10;62;11;2;12;76
0;16;1;6;2;34;3;47;4;75;5;49;6;2;7;49;8;4;9;22;10;71;11;28;12;74
5;17;6;20;7;55;8;75;9;3;10;42;11;67;12;73
7;9;8;3;9;80;10;63;11;5;12;51
4;64;5;50;6;64;7;67;8;54;9;79;10;29;11;60;12;73
9;31;10;16;11;25;12;76
2;38;3;80;4;72;5;17;6;62;7;68;8;73;9;24;10;9;11;61;12;33
8;68;9;65;10;67;11;66;12;34
1;24;2;25;3;48;4;79;5;39;6;1;7;56;8;54;9;3;10;57;11;62;12;1
3;12;4;17;5;30;6;75;7;19;8;59;9;5;10;80;11;31;12;27
0;75;1;20;2;66;3;22;4;80;5;65;6;47;7;13;8;46;9;20;10;48;11;68;12;20
2;74;3;1;4;76;5;32;6;4;7;71;8;58;9;5;10;78;11;47;12;13
6;54;7;8;8;72;9;30;10;33;11;19;12;70
8;80;9;48;10;11;11;74;12;8
1;80;2;35;3;73;4;66;5;14;6;50;7;31;8;66;9;72;10;59;11;19;12;50
4;71;5;24;6;47;7;39;8;15;9;14;10;32;11;24;12;13
6;66;7;55;8;80;9;37;10;49;11;61;12;36
3;8;4;62;5;31;6;62;7;52;8;34;9;46;10;30;11;34;12;10
0;74;1;56;2;14;3;7;4;54;5;60;6;3;7;65;8;11;9;27;10;8;11;17;12;70
4;33;5;22;6;58;7;32;8;40;9;38;10;76;11;65;12;41
5;78;6;35;7;62;8;14;9;68;10;26;11;37;12;60
5;47;6;2;7;55;8;1;9;19;10;10;11;67;12;46
8;56;9;24;10;71;11;25;12;78
8;36;9;38;10;70;11;22
9;72;10;72;11;37;12;65
4;78;5;3;6;17;7;73;8;15;9;14;10;46;11;40;12;43
7;72;8;32;9;24;10;61;11;73;12;34
8;65;9;9;10;47;11;31;12;48
3;5;4;38;5;54;6;28;7;2;8;24;9;64;10;10;11;46;12;39
7;43;8;47;9;15;10;74;11;49;12;65
1;3;2;20;3;36;4;30;5;80;6;7;7;45;8;45;9;37;10;3;11;60;12;8
8;33;9;13;10;28;11;14;12;76
7;56;8;58;9;9;10;5;11;29;12;65
9;12;10;74;11;70;12;45
6;37;7;28;8;69;9;33;10;1;11;63;12;81
0;57;1;63;2;78;3;10;4;13;5;76;6;64;7;6;8;43;9;3;10;72;11;34;12;11
4;15;5;14;6;65;7;67;8;30;9;14;10;34;11;13;12;32
0;8;1;24;2;18;3;80;4;5;5;74;6;54;7;59;8;75;9;27;10;2;11;52;12;32
6;9;7;4;8;15;9;16;10;47;11;10;12;22
6;40;7;77;8;29;9;49;10;6;11;60;12;33
7;12;8;23;9;75;10;9;11;53;12;49
4;21;5;47;6;49;7;53;8;38;9;41;10;63;11;72;12;33
8;36;9;29;10;64;11;54;12;20
5;23;6;69;7;4;8;64;9;73;10;30;11;58;12;34
1;61;2;21;3;48;4;12;5;75;6;27;7;27;8;27;9;45;10;45;11;27;12;41
5;17;6;3;7;45;8;38;9;27;10;59;11;17;12;35
4;36;5;75;6;76;7;55;8;10;9;70;10;73;11;11;12;20
3;58;4;81;5;29;6;11;7;41;8;32;9;9;10;3;11;54;12;14
2;44;3;23;4;58;5;62;6;21;7;31;8;30;9;11;10;2;11;1;12;18
7;58;8;46;9;34;10;48;11;76;12;9
7;52;8;51;9;45;10;72;11;74;12;51
9;40;10;56;11;80
9;79;10;13;11;33;12;36
3;35;4;37;5;19;6;77;7;61;8;79;9;31;10;81;11;73;12;14
2;66;3;1;4;65;5;38;6;21;7;21;8;46;9;75;10;72;11;66;12;53
0;13;1;69;2;44;3;39;4;45;5;61;6;42;7;2;8;15;9;67;10;26;11;53;12;54
9;54;10;33;11;66;12;17
7;25;8;50;9;45;10;66;11;79;12;53
3;55;4;15;5;44;6;69;7;17;8;74;9;32;10;74;11;32;12;13
2;76;3;53;4;77;5;56;6;10;7;78;8;32;9;46;10;39;11;21;12;8
9;62;10;49;11;52
1;40;2;71;3;5;4;28;5;74;6;13;7;31;8;6;9;60;10;16;11;74;12;74
5;34;6;28;7;1;8;42;9;36;10;57;11;64;12;49
1;80;2;81;3;3;4;69;5;47;6;16;7;19;8;41;9;69;11;43;12;77
9;28;10;42;11;80;12;69
1;4;2;35;3;49;4;55;5;80;6;4;7;72;8;12;9;63;10;43;11;8;12;45
6;25;7;25;8;10;9;29;10;35;11;65;12;74
8;22;9;50;10;6;11;46;12;69
7;13;8;38;9;52;10;55;11;7;12;46
8;68;9;12;10;23;11;16;12;41
3;30;5;7;6;30;7;36;8;30;9;20;10;10;12;44
7;23;8;43;9;67;10;40;11;56;12;60
9;16;10;6;11;49;12;15
7;54;8;33;9;51;10;28;11;62;12;63
8;64;9;32;10;47;11;44;12;22
9;16;10;12;11;70;12;50
7;7;8;44;9;16;10;54;11;12;12;54
6;63;7;62;8;48;9;57;10;24;11;68;12;78
1;9;2;46;3;9;4;59;5;69;6;13;7;55;8;78;9;46;10;70;11;28;12;51
1;32;2;43;3;5;5;72;6;22;7;18;8;2;9;50;10;49;11;62;12;26
0;19;1;40;2;30;3;18;4;75;5;29;6;3;7;78;8;19;9;74;10;45;11;73;12;6
7;37;8;30;9;58;10;22;11;40;12;80
0;17;1;63;2;18;3;37;4;64;5;3;6;46;7;67;8;56;9;16;10;53;11;20;12;34
0;62;1;34;2;1;3;63;4;42;5;46;6;2;7;33;8;11;9;29;10;13;11;13;12;38
9;40;10;49;11;1;12;45
8;81;9;19;10;58;11;75;12;69
6;25;7;41;8;40;9;81;10;6;11;26;12;50
7;64;8;59;9;40;10;29;11;27;12;35
8;34;9;44;10;14;11;14;12;70
5;29;6;5;7;22;8;11;9;41;10;75;11;81;12;15
4;42;5;5;6;74;7;81;8;43;9;7;10;13;11;36;12;56
6;50;7;4;8;26;9;48;10;61;11;7;12;52
9;3;10;79;11;21;12;30
9;39;10;75;11;67;12;25
3;55;4;3;5;59;6;30;7;46;8;21;9;16;10;14;11;57;12;60
7;11;8;52;9;74;10;44;11;73;12;4
3;24;4;45;5;31;6;8;7;36;8;49;9;19;10;74;11;44;12;7
1;75;2;7;3;27;4;61;5;41;6;40;7;19;8;64;9;61;10;3;11;46;12;73
1;45;2;34;3;37;4;74;5;22;6;60;7;22;8;77;9;27;10;80;11;72;12;73
8;20;9;81;10;33;11;20;12;15
2;48;3;18;4;28;5;76;6;6;7;62;8;8;9;65;10;57;11;39;12;16
9;6;10;64;11;31;12;67
7;3;8;73;9;42;10;30;11;50;12;17
3;26;4;11;5;64;6;68;7;66;8;61;9;25;10;1;11;61;12;27
9;24;10;70;11;33;12;52
4;45;5;79;6;22;7;25;8;33;9;71;10;74;11;27;12;61
2;72;3;74;4;43;5;9;6;58;7;50;8;23;9;72;10;25;11;80;12;42
9;30;10;52;11;50;12;3
8;57;9;65;10;13;11;8;12;50
3;71;4;7;5;16;6;56;7;62;8;70;9;66;10;32;11;15;12;61
3;18;4;35;5;6;6;30;7;39;8;16;9;34;10;78;11;21;12;52
6;39;7;25;8;13;9;34;10;26;12;57
5;26;6;18;7;34;8;24;9;52;10;27;11;29;12;32
2;71;3;10;4;2;5;43;6;68;7;38;8;69;9;80;10;10;11;53;12;81
1;11;2;12;3;43;4;17;5;52;6;19;7;80;8;28;9;46;10;50;11;18;12;80
8;20;9;51;11;33;12;30
7;37;8;47;9;73;10;7;11;52;12;35
2;69;3;66;4;46;5;78;6;46;7;61;8;18;9;22;10;1;11;64;12;70
9;69;10;76;11;58;12;81
8;77;10;22;11;20;12;58
9;25;10;70;11;52;12;21
2;51;3;66;4;53;5;24;6;78;7;18;8;28;9;17;10;28;11;36;12;60
7;73;8;26;9;45;10;42;11;43;12;55
4;59;5;54;6;70;7;63;8;41;9;51;10;68;11;7;12;66
0;63;1;34;2;52;3;49;4;37;5;40;6;7;7;1;8;49;9;12;10;32;11;24;12;34
0;49;1;37;2;3;3;13;4;77;5;42;6;72;7;61;8;41;9;77;10;81;11;49;12;14
0;45;1;17;2;40;3;51;5;38;6;72;7;13;8;9;9;61;10;47;11;74;12;19
0;23;1;50;2;39;3;45;4;71;5;21;6;79;7;22;8;41;9;44;10;42;11;56;12;59
9;8;10;2;11;17;12;3
6;31;7;75;8;35;9;67;10;47;11;22;12;80
4;23;5;43;6;62;7;9;8;26;9;32;10;20;11;60;12;72
9;34;10;35;11;25;12;6
2;77;3;51;4;74;5;33;6;35;7;55;8;31;9;31;10;19;11;23;12;7
6;46;7;79;8;73;9;45;10;41;11;42;12;17
9;33;10;12;11;48;12;66
2;47;3;81;4;45;5;15;6;48;7;27;8;37;9;54;10;38;11;29;12;29
5;71;6;15;7;12;8;59;9;80;10;68;11;12;12;20
6;52;7;50;8;53;10;27;11;3;12;26
